Paper,DOI,Treatment_1,Treatment_2,Treatment_3,Treatment_4,Treatment_5,Treatment_6,Treatment_7,Trt.combo,Trt.code,Control
Huang et al. 2015,10.1002/ece3.1420,Beginning soil properties,NA,NA,NA,NA,NA,NA,Beginning soil properties,0,
Yang et al. 2011,10.1002/jpln.201000134,Beginning soil properties,No fertilizer,NA,NA,NA,NA,NA,"Beginning soil properties, No fertilizer",1,1
Yang et al. 2011,10.1002/jpln.201000134,Beginning soil properties,NPK fertilizer,NA,NA,NA,NA,NA,"Beginning soil properties, NPK fertilizer",2,
Yang et al. 2011,10.1002/jpln.201000134,Beginning soil properties,Dairy manure plus NPK fertilizer,NA,NA,NA,NA,NA,"Beginning soil properties, Dairy manure plus NPK fertilizer",3,
Yang et al. 2011,10.1002/jpln.201000134,No fertilizer,Placeholder,NA,NA,NA,NA,NA,"No fertilizer, Placeholder",1,1
Yang et al. 2011,10.1002/jpln.201000134,NPK fertilizer,Placeholder,NA,NA,NA,NA,NA,"NPK fertilizer, Placeholder",2,
Yang et al. 2011,10.1002/jpln.201000134,Dairy manure plus NPK fertilizer,Placeholder,NA,NA,NA,NA,NA,"Dairy manure plus NPK fertilizer, Placeholder",3,
Laudicina et al. 2015,10.1002/ldr.2293,Continuous wheat rotation,Conventional tillage,NA,NA,NA,NA,NA,"Continuous wheat rotation, Conventional tillage",1,1
Laudicina et al. 2015,10.1002/ldr.2293,Continuous wheat rotation,Reduced tillage,NA,NA,NA,NA,NA,"Continuous wheat rotation, Reduced tillage",2,
Laudicina et al. 2015,10.1002/ldr.2293,Continuous wheat rotation,No till,NA,NA,NA,NA,NA,"Continuous wheat rotation, No till",3,
Laudicina et al. 2015,10.1002/ldr.2293,Faba bean-wheat rotation,Conventional tillage,NA,NA,NA,NA,NA,"Faba bean-wheat rotation, Conventional tillage",3,
Laudicina et al. 2015,10.1002/ldr.2293,Faba bean-wheat rotation,Reduced tillage,NA,NA,NA,NA,NA,"Faba bean-wheat rotation, Reduced tillage",4,
Laudicina et al. 2015,10.1002/ldr.2293,Faba bean-wheat rotation,No till,NA,NA,NA,NA,NA,"Faba bean-wheat rotation, No till",5,
Regmi et al. 2002,10.1007/s00374-002-0525-x,Beginning soil properties,NA,NA,NA,NA,NA,NA,Beginning soil properties,0,
Regmi et al. 2002,10.1007/s00374-002-0525-x,100 kg N ha-1,Placeholder,Placeholder,NA,NA,NA,NA,"100 kg N ha-1, Placeholder, Placeholder",1,
Regmi et al. 2002,10.1007/s00374-002-0525-x,100 kg N ha-1,26 kg P ha-1,Placeholder,NA,NA,NA,NA,"100 kg N ha-1, 26 kg P ha-1, Placeholder",2,
Regmi et al. 2002,10.1007/s00374-002-0525-x,100 kg N ha-1,23 kg N ha-1 green manure,Placeholder,NA,NA,NA,NA,"100 kg N ha-1, 23 kg N ha-1 green manure, Placeholder",3,
Regmi et al. 2002,10.1007/s00374-002-0525-x,100 kg N ha-1,42 kg N ha-1 green manure,26 kg P ha-1,NA,NA,NA,NA,"100 kg N ha-1, 42 kg N ha-1 green manure, 26 kg P ha-1",4,
Regmi et al. 2002,10.1007/s00374-002-0525-x,100 kg N ha-1,80 kg N ha-1 farmyard manure,Placeholder,NA,NA,NA,NA,"100 kg N ha-1, 80 kg N ha-1 farmyard manure, Placeholder",5,
Regmi et al. 2002,10.1007/s00374-002-0525-x,100 kg N ha-1,80 kg N ha-1 farmyard manure,26 kg P ha-1,NA,NA,NA,NA,"100 kg N ha-1, 80 kg N ha-1 farmyard manure, 26 kg P ha-1",5,
Gao et al. 2015,10.1007/s10705-015-9720-7,Beginning soil properties,NA,NA,NA,NA,NA,NA,Beginning soil properties,0,
Gao et al. 2015,10.1007/s10705-015-9720-7,No fertilization,NA,NA,NA,NA,NA,NA,No fertilization,1,1
Gao et al. 2015,10.1007/s10705-015-9720-7,Inorganic N,NA,NA,NA,NA,NA,NA,Inorganic N,2,
Gao et al. 2015,10.1007/s10705-015-9720-7,Inorganic N and P,NA,NA,NA,NA,NA,NA,Inorganic N and P,3,
Gao et al. 2015,10.1007/s10705-015-9720-7,Inorganic NPK,NA,NA,NA,NA,NA,NA,Inorganic NPK,4,
Gao et al. 2015,10.1007/s10705-015-9720-7,Inorganic N and organic manure,NA,NA,NA,NA,NA,NA,Inorganic N and organic manure,5,
Gao et al. 2015,10.1007/s10705-015-9720-7,Inorganic N and straw,NA,NA,NA,NA,NA,NA,Inorganic N and straw,6,
Yan and Gong 2010,10.1007/s11104-009-0268-7,"Organic fertilizer equivalent to 150 kg N ha-1, PK",NA,NA,NA,NA,NA,NA,"Organic fertilizer equivalent to 150 kg N ha-1, PK",1,
Yan and Gong 2010,10.1007/s11104-009-0268-7,"Half organic fertilizer, half NPK fertilizer",NA,NA,NA,NA,NA,NA,"Half organic fertilizer, half NPK fertilizer",2,
Yan and Gong 2010,10.1007/s11104-009-0268-7,NPK fertilizer,NA,NA,NA,NA,NA,NA,NPK fertilizer,3,
Yan and Gong 2010,10.1007/s11104-009-0268-7,NP fertilizer,NA,NA,NA,NA,NA,NA,NP fertilizer,4,
Yan and Gong 2010,10.1007/s11104-009-0268-7,PK fertilizer,NA,NA,NA,NA,NA,NA,PK fertilizer,,
Yan and Gong 2010,10.1007/s11104-009-0268-7,NK fertilizer,NA,NA,NA,NA,NA,NA,NK fertilizer,,
Yan and Gong 2010,10.1007/s11104-009-0268-7,No fertilizer,NA,NA,NA,NA,NA,NA,No fertilizer,,
Verhulst et al. 2011,10.1007/s11104-010-0618-5,Conventionally tilled raised beds,Wheat and maize residues incorporated,NA,NA,NA,NA,NA,"Conventionally tilled raised beds, Wheat and maize residues incorporated",1,1
Verhulst et al. 2011,10.1007/s11104-010-0618-5,Permanent raised beds (no till),Wheat and maize residues burned,NA,NA,NA,NA,NA,"Permanent raised beds (no till), Wheat and maize residues burned",2,
Verhulst et al. 2011,10.1007/s11104-010-0618-5,Permanent raised beds (no till),Wheat and maize residues removed,NA,NA,NA,NA,NA,"Permanent raised beds (no till), Wheat and maize residues removed",3,
Verhulst et al. 2011,10.1007/s11104-010-0618-5,Permanent raised beds (no till),"Maize residues removed, wheat straw retained on soil surface",NA,NA,NA,NA,NA,"Permanent raised beds (no till), Maize residues removed, wheat straw retained on soil surface",4,
Verhulst et al. 2011,10.1007/s11104-010-0618-5,Permanent raised beds (no till),Maize and wheat residues retained on soil surface,NA,NA,NA,NA,NA,"Permanent raised beds (no till), Maize and wheat residues retained on soil surface",5,
Fuentes et al. 2012,10.1007/s11104-011-1092-4,Conventional tillage,Crop residue retained,NA,NA,NA,NA,NA,"Conventional tillage, Crop residue retained",2,
Fuentes et al. 2012,10.1007/s11104-011-1092-4,Conventional tillage,Crop residue removed,NA,NA,NA,NA,NA,"Conventional tillage, Crop residue removed",3,
Fuentes et al. 2012,10.1007/s11104-011-1092-4,Conventional tillage,Monoculture,Crop residue retained,NA,NA,NA,NA,"Conventional tillage, Monoculture, Crop residue retained",4,
Fuentes et al. 2012,10.1007/s11104-011-1092-4,Conventional tillage,Rotation,Crop residue retained,NA,NA,NA,NA,"Conventional tillage, Rotation, Crop residue retained",5,
Fuentes et al. 2012,10.1007/s11104-011-1092-4,Conventional tillage,Monoculture,Crop residue removed,NA,NA,NA,NA,"Conventional tillage, Monoculture, Crop residue removed",1,1
Fuentes et al. 2012,10.1007/s11104-011-1092-4,Conventional tillage,Rotation,Crop residue removed,NA,NA,NA,NA,"Conventional tillage, Rotation, Crop residue removed",6,
Fuentes et al. 2012,10.1007/s11104-011-1092-4,Zero till,Crop residue retained,NA,NA,NA,NA,NA,"Zero till, Crop residue retained",2,
Fuentes et al. 2012,10.1007/s11104-011-1092-4,Zero till,Crop residue removed,NA,NA,NA,NA,NA,"Zero till, Crop residue removed",3,
Fuentes et al. 2012,10.1007/s11104-011-1092-4,Zero till,Monoculture,Crop residue retained,NA,NA,NA,NA,"Zero till, Monoculture, Crop residue retained",4,
Fuentes et al. 2012,10.1007/s11104-011-1092-4,Zero till,Rotation,Crop residue retained,NA,NA,NA,NA,"Zero till, Rotation, Crop residue retained",5,
Fuentes et al. 2012,10.1007/s11104-011-1092-4,Zero till,Monoculture,Crop residue removed,NA,NA,NA,NA,"Zero till, Monoculture, Crop residue removed",6,
Fuentes et al. 2012,10.1007/s11104-011-1092-4,Zero till,Rotation,Crop residue removed,NA,NA,NA,NA,"Zero till, Rotation, Crop residue removed",7,
Carter 1992,10.1016/0167-1987(92)90081-L,Tillage site 1,Whole soil,Moldboard plow,NA,NA,NA,NA,"Tillage site 1, Whole soil, Moldboard plow",,
Carter 1992,10.1016/0167-1987(92)90081-L,Tillage site 1,1.00-2.00 mm aggregates,Moldboard plow,NA,NA,NA,NA,"Tillage site 1, 1.00-2.00 mm aggregates, Moldboard plow",,
Carter 1992,10.1016/0167-1987(92)90081-L,Tillage site 1,4.75-9.00 mm aggregates,Moldboard plow,NA,NA,NA,NA,"Tillage site 1, 4.75-9.00 mm aggregates, Moldboard plow",,
Carter 1992,10.1016/0167-1987(92)90081-L,Tillage site 1,Whole soil,Moldboard plow/direct drill,NA,NA,NA,NA,"Tillage site 1, Whole soil, Moldboard plow/direct drill",,
Carter 1992,10.1016/0167-1987(92)90081-L,Tillage site 1,1.00-2.00 mm aggregates,Moldboard plow/direct drill,NA,NA,NA,NA,"Tillage site 1, 1.00-2.00 mm aggregates, Moldboard plow/direct drill",,
Carter 1992,10.1016/0167-1987(92)90081-L,Tillage site 1,4.75-9.00 mm aggregates,Moldboard plow/direct drill,NA,NA,NA,NA,"Tillage site 1, 4.75-9.00 mm aggregates, Moldboard plow/direct drill",,
Carter 1992,10.1016/0167-1987(92)90081-L,Tillage site 1,Whole soil,Direct drill,NA,NA,NA,NA,"Tillage site 1, Whole soil, Direct drill",,
Carter 1992,10.1016/0167-1987(92)90081-L,Tillage site 1,1.00-2.00 mm aggregates,Direct drill,NA,NA,NA,NA,"Tillage site 1, 1.00-2.00 mm aggregates, Direct drill",,
Carter 1992,10.1016/0167-1987(92)90081-L,Tillage site 1,4.75-9.00 mm aggregates,Direct drill,NA,NA,NA,NA,"Tillage site 1, 4.75-9.00 mm aggregates, Direct drill",,
Carter 1992,10.1016/0167-1987(92)90081-L,Tillage site 2,Whole soil,Moldboard plow,NA,NA,NA,NA,"Tillage site 2, Whole soil, Moldboard plow",,
Carter 1992,10.1016/0167-1987(92)90081-L,Tillage site 2,1.00-2.00 mm aggregates,Moldboard plow,NA,NA,NA,NA,"Tillage site 2, 1.00-2.00 mm aggregates, Moldboard plow",,
Carter 1992,10.1016/0167-1987(92)90081-L,Tillage site 2,4.75-9.00 mm aggregates,Moldboard plow,NA,NA,NA,NA,"Tillage site 2, 4.75-9.00 mm aggregates, Moldboard plow",,
Carter 1992,10.1016/0167-1987(92)90081-L,Tillage site 2,Whole soil,Chisel plow,NA,NA,NA,NA,"Tillage site 2, Whole soil, Chisel plow",,
Carter 1992,10.1016/0167-1987(92)90081-L,Tillage site 2,1.00-2.00 mm aggregates,Chisel plow,NA,NA,NA,NA,"Tillage site 2, 1.00-2.00 mm aggregates, Chisel plow",,
Carter 1992,10.1016/0167-1987(92)90081-L,Tillage site 2,4.75-9.00 mm aggregates,Chisel plow,NA,NA,NA,NA,"Tillage site 2, 4.75-9.00 mm aggregates, Chisel plow",,
Carter 1992,10.1016/0167-1987(92)90081-L,Tillage site 3,Whole soil,Moldboard plow,NA,NA,NA,NA,"Tillage site 3, Whole soil, Moldboard plow",,
Carter 1992,10.1016/0167-1987(92)90081-L,Tillage site 3,1.00-2.00 mm aggregates,Moldboard plow,NA,NA,NA,NA,"Tillage site 3, 1.00-2.00 mm aggregates, Moldboard plow",,
Carter 1992,10.1016/0167-1987(92)90081-L,Tillage site 3,4.75-9.00 mm aggregates,Moldboard plow,NA,NA,NA,NA,"Tillage site 3, 4.75-9.00 mm aggregates, Moldboard plow",,
Carter 1992,10.1016/0167-1987(92)90081-L,Tillage site 3,Whole soil,Shallow tillage,NA,NA,NA,NA,"Tillage site 3, Whole soil, Shallow tillage",,
Carter 1992,10.1016/0167-1987(92)90081-L,Tillage site 3,1.00-2.00 mm aggregates,Shallow tillage,NA,NA,NA,NA,"Tillage site 3, 1.00-2.00 mm aggregates, Shallow tillage",,
Carter 1992,10.1016/0167-1987(92)90081-L,Tillage site 3,4.75-9.00 mm aggregates,Shallow tillage,NA,NA,NA,NA,"Tillage site 3, 4.75-9.00 mm aggregates, Shallow tillage",,
Carter 1992,10.1016/0167-1987(92)90081-L,Tillage site 3,Whole soil,Direct drill,NA,NA,NA,NA,"Tillage site 3, Whole soil, Direct drill",,
Carter 1992,10.1016/0167-1987(92)90081-L,Tillage site 3,1.00-2.00 mm aggregates,Direct drill,NA,NA,NA,NA,"Tillage site 3, 1.00-2.00 mm aggregates, Direct drill",,
Carter 1992,10.1016/0167-1987(92)90081-L,Tillage site 3,4.75-9.00 mm aggregates,Direct drill,NA,NA,NA,NA,"Tillage site 3, 4.75-9.00 mm aggregates, Direct drill",,
Carter 1992,10.1016/0167-1987(92)90081-L,Grassland site 1,Whole soil,Direct drill,NA,NA,NA,NA,"Grassland site 1, Whole soil, Direct drill",,
Carter 1992,10.1016/0167-1987(92)90081-L,Grassland site 1,1.00-2.00 mm aggregates,Direct drill,NA,NA,NA,NA,"Grassland site 1, 1.00-2.00 mm aggregates, Direct drill",,
Carter 1992,10.1016/0167-1987(92)90081-L,Grassland site 1,4.75-9.00 mm aggregates,Direct drill,NA,NA,NA,NA,"Grassland site 1, 4.75-9.00 mm aggregates, Direct drill",,
Carter 1992,10.1016/0167-1987(92)90081-L,Grassland site 2,Whole soil,Direct drill,NA,NA,NA,NA,"Grassland site 2, Whole soil, Direct drill",,
Carter 1992,10.1016/0167-1987(92)90081-L,Grassland site 2,1.00-2.00 mm aggregates,Direct drill,NA,NA,NA,NA,"Grassland site 2, 1.00-2.00 mm aggregates, Direct drill",,
Carter 1992,10.1016/0167-1987(92)90081-L,Grassland site 2,4.75-9.00 mm aggregates,Direct drill,NA,NA,NA,NA,"Grassland site 2, 4.75-9.00 mm aggregates, Direct drill",,
Carter 1992,10.1016/0167-1987(92)90081-L,Grassland site 3,Whole soil,Direct drill,NA,NA,NA,NA,"Grassland site 3, Whole soil, Direct drill",,
Carter 1992,10.1016/0167-1987(92)90081-L,Grassland site 3,1.00-2.00 mm aggregates,Direct drill,NA,NA,NA,NA,"Grassland site 3, 1.00-2.00 mm aggregates, Direct drill",,
Carter 1992,10.1016/0167-1987(92)90081-L,Grassland site 3,4.75-9.00 mm aggregates,Direct drill,NA,NA,NA,NA,"Grassland site 3, 4.75-9.00 mm aggregates, Direct drill",,
Hernanz et al. 2009,10.1016/j.agee.2009.05.009,Beginning soil properties,Conventional tillage,NA,NA,NA,NA,NA,"Beginning soil properties, Conventional tillage",1,1
Hernanz et al. 2009,10.1016/j.agee.2009.05.009,Beginning soil properties,Minimum tillage,NA,NA,NA,NA,NA,"Beginning soil properties, Minimum tillage",2,
Hernanz et al. 2009,10.1016/j.agee.2009.05.009,Beginning soil properties,No till,NA,NA,NA,NA,NA,"Beginning soil properties, No till",3,
Hernanz et al. 2009,10.1016/j.agee.2009.05.009,Conventional tillage,Placeholder,NA,NA,NA,NA,NA,"Conventional tillage, Placeholder",1,1
Hernanz et al. 2009,10.1016/j.agee.2009.05.009,Minimum tillage,Placeholder,NA,NA,NA,NA,NA,"Minimum tillage, Placeholder",2,
Hernanz et al. 2009,10.1016/j.agee.2009.05.009,No till,Placeholder,NA,NA,NA,NA,NA,"No till, Placeholder",3,
Gabriel et al. 2012,10.1016/j.agee.2012.06.012,Beginning soil properties,NA,NA,NA,NA,NA,NA,Beginning soil properties,0,
Ma et al. 2015,10.1016/j.agwat.2014.11.011,Beginning soil properties,NA,NA,NA,NA,NA,NA,Beginning soil properties,0,
Gabriel and Quemada 2011,10.1016/j.eja.2010.11.006,Beginning of experiment,NA,NA,NA,NA,NA,NA,Beginning of experiment,0,
Jat et al. 2014,10.1016/j.fcr.2014.04.015,Beginning soil properties,NA,NA,NA,NA,NA,NA,Beginning soil properties,0,
Lampurlanes et al. 2016,10.1016/j.fcr.2016.02.010,Beginning soil properties,NA,NA,NA,NA,NA,NA,Beginning soil properties,0,
Wang et al. 2008,10.2134/agronj2008.0012,Bare ground control,NA,NA,NA,NA,NA,NA,Bare ground control,1,1
Wang et al. 2008,10.2134/agronj2008.0012,Conventional management,NA,NA,NA,NA,NA,NA,Conventional management,2,
Messiga et al. 2011,10.1016/j.geoderma.2011.06.014,General soil properties,Moldboard plow,NA,NA,NA,NA,NA,"General soil properties, Moldboard plow",1,1
Messiga et al. 2011,10.1016/j.geoderma.2011.06.014,General soil properties,No till,NA,NA,NA,NA,NA,"General soil properties, No till",2,
Messiga et al. 2011,10.1016/j.geoderma.2011.06.014,Moldboard plow,Maize,NA,NA,NA,NA,NA,"Moldboard plow, Maize",1,1
Messiga et al. 2011,10.1016/j.geoderma.2011.06.014,No till,Maize,NA,NA,NA,NA,NA,"No till, Maize",2,
Zhang et al. 2016,10.1016/j.geoderma.2015.11.027,Beginning soil properties,NA,NA,NA,NA,NA,NA,Beginning soil properties,0,
Zhang et al. 2016,10.1016/j.geoderma.2015.11.027,NPK fertilizer,NA,NA,NA,NA,NA,NA,NPK fertilizer,2,
Zhang et al. 2016,10.1016/j.geoderma.2015.11.027,No fertilizer,NA,NA,NA,NA,NA,NA,No fertilizer,1,1
Zhang et al. 2016,10.1016/j.geoderma.2015.11.027,NPK plus manure fertilizer,NA,NA,NA,NA,NA,NA,NPK plus manure fertilizer,3,
Zhang et al. 2016,10.1016/j.geoderma.2015.11.027,1.5x NPK fertilizer plus manure,NA,NA,NA,NA,NA,NA,1.5x NPK fertilizer plus manure,4,
Zhang et al. 2016,10.1016/j.geoderma.2015.11.027,NPK fertilizer plus straw return,NA,NA,NA,NA,NA,NA,NPK fertilizer plus straw return,5,
Sanz-Cobena et al. 2014,10.1016/j.scitotenv.2013.07.023,Beginning soil properties,NA,NA,NA,NA,NA,NA,Beginning soil properties,0,
Sanz-Cobena et al. 2014,10.1016/j.scitotenv.2013.07.023,Control,60 days after CC sowing,NA,NA,NA,NA,NA,"Control, 60 days after CC sowing",,
Sanz-Cobena et al. 2014,10.1016/j.scitotenv.2013.07.023,Control,110 days after CC sowing,NA,NA,NA,NA,NA,"Control, 110 days after CC sowing",,
Sanz-Cobena et al. 2014,10.1016/j.scitotenv.2013.07.023,Control,150 days after CC sowing,NA,NA,NA,NA,NA,"Control, 150 days after CC sowing",,
Sanz-Cobena et al. 2014,10.1016/j.scitotenv.2013.07.023,Control,170 days after CC sowing,NA,NA,NA,NA,NA,"Control, 170 days after CC sowing",,
Sanz-Cobena et al. 2014,10.1016/j.scitotenv.2013.07.023,Barley cover crop,60 days after CC sowing,NA,NA,NA,NA,NA,"Barley cover crop, 60 days after CC sowing",,
Sanz-Cobena et al. 2014,10.1016/j.scitotenv.2013.07.023,Barley cover crop,110 days after CC sowing,NA,NA,NA,NA,NA,"Barley cover crop, 110 days after CC sowing",,
Sanz-Cobena et al. 2014,10.1016/j.scitotenv.2013.07.023,Barley cover crop,150 days after CC sowing,NA,NA,NA,NA,NA,"Barley cover crop, 150 days after CC sowing",,
Sanz-Cobena et al. 2014,10.1016/j.scitotenv.2013.07.023,Barley cover crop,170 days after CC sowing,NA,NA,NA,NA,NA,"Barley cover crop, 170 days after CC sowing",,
Sanz-Cobena et al. 2014,10.1016/j.scitotenv.2013.07.023,Rape cover crop,60 days after CC sowing,NA,NA,NA,NA,NA,"Rape cover crop, 60 days after CC sowing",,
Sanz-Cobena et al. 2014,10.1016/j.scitotenv.2013.07.023,Rape cover crop,110 days after CC sowing,NA,NA,NA,NA,NA,"Rape cover crop, 110 days after CC sowing",,
Sanz-Cobena et al. 2014,10.1016/j.scitotenv.2013.07.023,Rape cover crop,150 days after CC sowing,NA,NA,NA,NA,NA,"Rape cover crop, 150 days after CC sowing",,
Sanz-Cobena et al. 2014,10.1016/j.scitotenv.2013.07.023,Rape cover crop,170 days after CC sowing,NA,NA,NA,NA,NA,"Rape cover crop, 170 days after CC sowing",,
Sanz-Cobena et al. 2014,10.1016/j.scitotenv.2013.07.023,Fallow control,60 days after CC sowing,NA,NA,NA,NA,NA,"Fallow control, 60 days after CC sowing",,
Sanz-Cobena et al. 2014,10.1016/j.scitotenv.2013.07.023,Fallow control,110 days after CC sowing,NA,NA,NA,NA,NA,"Fallow control, 110 days after CC sowing",,
Sanz-Cobena et al. 2014,10.1016/j.scitotenv.2013.07.023,Fallow control,150 days after CC sowing,NA,NA,NA,NA,NA,"Fallow control, 150 days after CC sowing",,
Sanz-Cobena et al. 2014,10.1016/j.scitotenv.2013.07.023,Fallow control,170 days after CC sowing,NA,NA,NA,NA,NA,"Fallow control, 170 days after CC sowing",,
Sanz-Cobena et al. 2014,10.1016/j.scitotenv.2013.07.023,Vetch cover crop,60 days after CC sowing,NA,NA,NA,NA,NA,"Vetch cover crop, 60 days after CC sowing",,
Sanz-Cobena et al. 2014,10.1016/j.scitotenv.2013.07.023,Vetch cover crop,110 days after CC sowing,NA,NA,NA,NA,NA,"Vetch cover crop, 110 days after CC sowing",,
Sanz-Cobena et al. 2014,10.1016/j.scitotenv.2013.07.023,Vetch cover crop,150 days after CC sowing,NA,NA,NA,NA,NA,"Vetch cover crop, 150 days after CC sowing",,
Sanz-Cobena et al. 2014,10.1016/j.scitotenv.2013.07.023,Vetch cover crop,170 days after CC sowing,NA,NA,NA,NA,NA,"Vetch cover crop, 170 days after CC sowing",,
Sanz-Cobena et al. 2014,10.1016/j.scitotenv.2013.07.023,"Control plots, no residues incorporated",200 days after CC sowing,NA,NA,NA,NA,NA,"Control plots, no residues incorporated, 200 days after CC sowing",,
Sanz-Cobena et al. 2014,10.1016/j.scitotenv.2013.07.023,"Control plots, no residues incorporated",232 days after CC sowing,NA,NA,NA,NA,NA,"Control plots, no residues incorporated, 232 days after CC sowing",,
Sanz-Cobena et al. 2014,10.1016/j.scitotenv.2013.07.023,"Control plots, no residues incorporated",255 days after CC sowing,NA,NA,NA,NA,NA,"Control plots, no residues incorporated, 255 days after CC sowing",,
Sanz-Cobena et al. 2014,10.1016/j.scitotenv.2013.07.023,"Control plots, no residues incorporated",280 days after CC sowing,NA,NA,NA,NA,NA,"Control plots, no residues incorporated, 280 days after CC sowing",,
Sanz-Cobena et al. 2014,10.1016/j.scitotenv.2013.07.023,"Barley plots, no residues incorporated",200 days after CC sowing,NA,NA,NA,NA,NA,"Barley plots, no residues incorporated, 200 days after CC sowing",,
Sanz-Cobena et al. 2014,10.1016/j.scitotenv.2013.07.023,"Barley plots, no residues incorporated",232 days after CC sowing,NA,NA,NA,NA,NA,"Barley plots, no residues incorporated, 232 days after CC sowing",,
Sanz-Cobena et al. 2014,10.1016/j.scitotenv.2013.07.023,"Barley plots, no residues incorporated",255 days after CC sowing,NA,NA,NA,NA,NA,"Barley plots, no residues incorporated, 255 days after CC sowing",,
Sanz-Cobena et al. 2014,10.1016/j.scitotenv.2013.07.023,"Barley plots, no residues incorporated",280 days after CC sowing,NA,NA,NA,NA,NA,"Barley plots, no residues incorporated, 280 days after CC sowing",,
Sanz-Cobena et al. 2014,10.1016/j.scitotenv.2013.07.023,"Rape plots, no residues incorporated",200 days after CC sowing,NA,NA,NA,NA,NA,"Rape plots, no residues incorporated, 200 days after CC sowing",,
Sanz-Cobena et al. 2014,10.1016/j.scitotenv.2013.07.023,"Rape plots, no residues incorporated",232 days after CC sowing,NA,NA,NA,NA,NA,"Rape plots, no residues incorporated, 232 days after CC sowing",,
Sanz-Cobena et al. 2014,10.1016/j.scitotenv.2013.07.023,"Rape plots, no residues incorporated",255 days after CC sowing,NA,NA,NA,NA,NA,"Rape plots, no residues incorporated, 255 days after CC sowing",,
Sanz-Cobena et al. 2014,10.1016/j.scitotenv.2013.07.023,"Rape plots, no residues incorporated",280 days after CC sowing,NA,NA,NA,NA,NA,"Rape plots, no residues incorporated, 280 days after CC sowing",,
Sanz-Cobena et al. 2014,10.1016/j.scitotenv.2013.07.023,"Fallow control plots, no residues incorporated",200 days after CC sowing,NA,NA,NA,NA,NA,"Fallow control plots, no residues incorporated, 200 days after CC sowing",,
Sanz-Cobena et al. 2014,10.1016/j.scitotenv.2013.07.023,"Fallow control plots, no residues incorporated",232 days after CC sowing,NA,NA,NA,NA,NA,"Fallow control plots, no residues incorporated, 232 days after CC sowing",,
Sanz-Cobena et al. 2014,10.1016/j.scitotenv.2013.07.023,"Fallow control plots, no residues incorporated",255 days after CC sowing,NA,NA,NA,NA,NA,"Fallow control plots, no residues incorporated, 255 days after CC sowing",,
Sanz-Cobena et al. 2014,10.1016/j.scitotenv.2013.07.023,"Fallow control plots, no residues incorporated",280 days after CC sowing,NA,NA,NA,NA,NA,"Fallow control plots, no residues incorporated, 280 days after CC sowing",,
Sanz-Cobena et al. 2014,10.1016/j.scitotenv.2013.07.023,"Vetch plots, no residues incorporated",200 days after CC sowing,NA,NA,NA,NA,NA,"Vetch plots, no residues incorporated, 200 days after CC sowing",,
Sanz-Cobena et al. 2014,10.1016/j.scitotenv.2013.07.023,"Vetch plots, no residues incorporated",232 days after CC sowing,NA,NA,NA,NA,NA,"Vetch plots, no residues incorporated, 232 days after CC sowing",,
Sanz-Cobena et al. 2014,10.1016/j.scitotenv.2013.07.023,"Vetch plots, no residues incorporated",255 days after CC sowing,NA,NA,NA,NA,NA,"Vetch plots, no residues incorporated, 255 days after CC sowing",,
Sanz-Cobena et al. 2014,10.1016/j.scitotenv.2013.07.023,"Vetch plots, no residues incorporated",280 days after CC sowing,NA,NA,NA,NA,NA,"Vetch plots, no residues incorporated, 280 days after CC sowing",,
Sanz-Cobena et al. 2014,10.1016/j.scitotenv.2013.07.023,"Barley plots, residues incorporated",200 days after CC sowing,NA,NA,NA,NA,NA,"Barley plots, residues incorporated, 200 days after CC sowing",,
Sanz-Cobena et al. 2014,10.1016/j.scitotenv.2013.07.023,"Barley plots, residues incorporated",232 days after CC sowing,NA,NA,NA,NA,NA,"Barley plots, residues incorporated, 232 days after CC sowing",,
Sanz-Cobena et al. 2014,10.1016/j.scitotenv.2013.07.023,"Barley plots, residues incorporated",255 days after CC sowing,NA,NA,NA,NA,NA,"Barley plots, residues incorporated, 255 days after CC sowing",,
Sanz-Cobena et al. 2014,10.1016/j.scitotenv.2013.07.023,"Barley plots, residues incorporated",280 days after CC sowing,NA,NA,NA,NA,NA,"Barley plots, residues incorporated, 280 days after CC sowing",,
Sanz-Cobena et al. 2014,10.1016/j.scitotenv.2013.07.023,"Rape plots, residues incorporated",200 days after CC sowing,NA,NA,NA,NA,NA,"Rape plots, residues incorporated, 200 days after CC sowing",,
Sanz-Cobena et al. 2014,10.1016/j.scitotenv.2013.07.023,"Rape plots, residues incorporated",232 days after CC sowing,NA,NA,NA,NA,NA,"Rape plots, residues incorporated, 232 days after CC sowing",,
Sanz-Cobena et al. 2014,10.1016/j.scitotenv.2013.07.023,"Rape plots, residues incorporated",255 days after CC sowing,NA,NA,NA,NA,NA,"Rape plots, residues incorporated, 255 days after CC sowing",,
Sanz-Cobena et al. 2014,10.1016/j.scitotenv.2013.07.023,"Rape plots, residues incorporated",280 days after CC sowing,NA,NA,NA,NA,NA,"Rape plots, residues incorporated, 280 days after CC sowing",,
Sanz-Cobena et al. 2014,10.1016/j.scitotenv.2013.07.023,"Fallow control plots, residues incorporated",200 days after CC sowing,NA,NA,NA,NA,NA,"Fallow control plots, residues incorporated, 200 days after CC sowing",,
Sanz-Cobena et al. 2014,10.1016/j.scitotenv.2013.07.023,"Fallow control plots, residues incorporated",232 days after CC sowing,NA,NA,NA,NA,NA,"Fallow control plots, residues incorporated, 232 days after CC sowing",,
Sanz-Cobena et al. 2014,10.1016/j.scitotenv.2013.07.023,"Fallow control plots, residues incorporated",255 days after CC sowing,NA,NA,NA,NA,NA,"Fallow control plots, residues incorporated, 255 days after CC sowing",,
Sanz-Cobena et al. 2014,10.1016/j.scitotenv.2013.07.023,"Fallow control plots, residues incorporated",280 days after CC sowing,NA,NA,NA,NA,NA,"Fallow control plots, residues incorporated, 280 days after CC sowing",,
Sanz-Cobena et al. 2014,10.1016/j.scitotenv.2013.07.023,"Vetch plots, residues incorporated",200 days after CC sowing,NA,NA,NA,NA,NA,"Vetch plots, residues incorporated, 200 days after CC sowing",,
Sanz-Cobena et al. 2014,10.1016/j.scitotenv.2013.07.023,"Vetch plots, residues incorporated",232 days after CC sowing,NA,NA,NA,NA,NA,"Vetch plots, residues incorporated, 232 days after CC sowing",,
Sanz-Cobena et al. 2014,10.1016/j.scitotenv.2013.07.023,"Vetch plots, residues incorporated",255 days after CC sowing,NA,NA,NA,NA,NA,"Vetch plots, residues incorporated, 255 days after CC sowing",,
Sanz-Cobena et al. 2014,10.1016/j.scitotenv.2013.07.023,"Vetch plots, residues incorporated",280 days after CC sowing,NA,NA,NA,NA,NA,"Vetch plots, residues incorporated, 280 days after CC sowing",,
Jangid et al. 2008,10.1016/j.soilbio.2008.07.030,Forest reference site,NA,NA,NA,NA,NA,NA,Forest reference site,,
Jangid et al. 2008,10.1016/j.soilbio.2008.07.030,Cropland,Conventional tillage,Inorganic fertilizer,NA,NA,NA,NA,"Cropland, Conventional tillage, Inorganic fertilizer",,
Jangid et al. 2008,10.1016/j.soilbio.2008.07.030,Cropland,Conventional tillage,Poultry litter,NA,NA,NA,NA,"Cropland, Conventional tillage, Poultry litter",,
Jangid et al. 2008,10.1016/j.soilbio.2008.07.030,Hayed pasture,Inorganic fertilizer,Poultry litter,NA,NA,NA,NA,"Hayed pasture, Inorganic fertilizer, Poultry litter",,
Jangid et al. 2008,10.1016/j.soilbio.2008.07.030,Hayed pasture,Poultry litter,Poultry litter,NA,NA,NA,NA,"Hayed pasture, Poultry litter, Poultry litter",,
Jangid et al. 2008,10.1016/j.soilbio.2008.07.030,Grazed pasture,Inorganic fertilizer,Poultry litter,NA,NA,NA,NA,"Grazed pasture, Inorganic fertilizer, Poultry litter",,
Jangid et al. 2008,10.1016/j.soilbio.2008.07.030,Grazed pasture,Poultry litter,Poultry litter,NA,NA,NA,NA,"Grazed pasture, Poultry litter, Poultry litter",,
Sharma et al. 2005,10.1016/j.still.2004.08.002,Beginning soil properties,NA,NA,NA,NA,NA,NA,Beginning soil properties,0,
Sharma et al. 2005,10.1016/j.still.2004.08.002,Conventional tillage,Sorghum stover residues,0 kg N ha-1,NA,NA,NA,NA,"Conventional tillage, Sorghum stover residues, 0 kg N ha-1",2,
Sharma et al. 2005,10.1016/j.still.2004.08.002,Conventional tillage,Sorghum stover residues,30 kg N ha-1,NA,NA,NA,NA,"Conventional tillage, Sorghum stover residues, 30 kg N ha-1",3,
Sharma et al. 2005,10.1016/j.still.2004.08.002,Conventional tillage,Sorghum stover residues,60 kg N ha-1,NA,NA,NA,NA,"Conventional tillage, Sorghum stover residues, 60 kg N ha-1",4,
Sharma et al. 2005,10.1016/j.still.2004.08.002,Conventional tillage,Sorghum stover residues,90 kg N ha-1,NA,NA,NA,NA,"Conventional tillage, Sorghum stover residues, 90 kg N ha-1",5,
Sharma et al. 2005,10.1016/j.still.2004.08.002,Conventional tillage,Glyricidia loppings,0 kg N ha-1,NA,NA,NA,NA,"Conventional tillage, Glyricidia loppings, 0 kg N ha-1",6,
Sharma et al. 2005,10.1016/j.still.2004.08.002,Conventional tillage,Glyricidia loppings,30 kg N ha-1,NA,NA,NA,NA,"Conventional tillage, Glyricidia loppings, 30 kg N ha-1",7,
Sharma et al. 2005,10.1016/j.still.2004.08.002,Conventional tillage,Glyricidia loppings,60 kg N ha-1,NA,NA,NA,NA,"Conventional tillage, Glyricidia loppings, 60 kg N ha-1",8,
Sharma et al. 2005,10.1016/j.still.2004.08.002,Conventional tillage,Glyricidia loppings,90 kg N ha-1,NA,NA,NA,NA,"Conventional tillage, Glyricidia loppings, 90 kg N ha-1",9,
Sharma et al. 2005,10.1016/j.still.2004.08.002,Conventional tillage,No residues,0 kg N ha-1,NA,NA,NA,NA,"Conventional tillage, No residues, 0 kg N ha-1",1,1
Sharma et al. 2005,10.1016/j.still.2004.08.002,Conventional tillage,No residues,30 kg N ha-1,NA,NA,NA,NA,"Conventional tillage, No residues, 30 kg N ha-1",10,
Sharma et al. 2005,10.1016/j.still.2004.08.002,Conventional tillage,No residues,60 kg N ha-1,NA,NA,NA,NA,"Conventional tillage, No residues, 60 kg N ha-1",11,
Sharma et al. 2005,10.1016/j.still.2004.08.002,Conventional tillage,No residues,90 kg N ha-1,NA,NA,NA,NA,"Conventional tillage, No residues, 90 kg N ha-1",12,
Sharma et al. 2005,10.1016/j.still.2004.08.002,Minimum tillage,Sorghum stover residues,0 kg N ha-1,NA,NA,NA,NA,"Minimum tillage, Sorghum stover residues, 0 kg N ha-1",2,
Sharma et al. 2005,10.1016/j.still.2004.08.002,Minimum tillage,Sorghum stover residues,30 kg N ha-1,NA,NA,NA,NA,"Minimum tillage, Sorghum stover residues, 30 kg N ha-1",3,
Sharma et al. 2005,10.1016/j.still.2004.08.002,Minimum tillage,Sorghum stover residues,60 kg N ha-1,NA,NA,NA,NA,"Minimum tillage, Sorghum stover residues, 60 kg N ha-1",4,
Sharma et al. 2005,10.1016/j.still.2004.08.002,Minimum tillage,Sorghum stover residues,90 kg N ha-1,NA,NA,NA,NA,"Minimum tillage, Sorghum stover residues, 90 kg N ha-1",5,
Sharma et al. 2005,10.1016/j.still.2004.08.002,Minimum tillage,Glyricidia loppings,0 kg N ha-1,NA,NA,NA,NA,"Minimum tillage, Glyricidia loppings, 0 kg N ha-1",6,
Sharma et al. 2005,10.1016/j.still.2004.08.002,Minimum tillage,Glyricidia loppings,30 kg N ha-1,NA,NA,NA,NA,"Minimum tillage, Glyricidia loppings, 30 kg N ha-1",7,
Sharma et al. 2005,10.1016/j.still.2004.08.002,Minimum tillage,Glyricidia loppings,60 kg N ha-1,NA,NA,NA,NA,"Minimum tillage, Glyricidia loppings, 60 kg N ha-1",8,
Sharma et al. 2005,10.1016/j.still.2004.08.002,Minimum tillage,Glyricidia loppings,90 kg N ha-1,NA,NA,NA,NA,"Minimum tillage, Glyricidia loppings, 90 kg N ha-1",9,
Sharma et al. 2005,10.1016/j.still.2004.08.002,Minimum tillage,No residues,0 kg N ha-1,NA,NA,NA,NA,"Minimum tillage, No residues, 0 kg N ha-1",10,
Sharma et al. 2005,10.1016/j.still.2004.08.002,Minimum tillage,No residues,30 kg N ha-1,NA,NA,NA,NA,"Minimum tillage, No residues, 30 kg N ha-1",11,
Sharma et al. 2005,10.1016/j.still.2004.08.002,Minimum tillage,No residues,60 kg N ha-1,NA,NA,NA,NA,"Minimum tillage, No residues, 60 kg N ha-1",12,
Sharma et al. 2005,10.1016/j.still.2004.08.002,Minimum tillage,No residues,90 kg N ha-1,NA,NA,NA,NA,"Minimum tillage, No residues, 90 kg N ha-1",13,
Gal et al. 2007,10.1016/j.still.2007.02.007,No till,NA,NA,NA,NA,NA,NA,No till,,
Gal et al. 2007,10.1016/j.still.2007.02.007,Moldboard plow,NA,NA,NA,NA,NA,NA,Moldboard plow,,
Gal et al. 2007,10.1016/j.still.2007.02.007,Continuous maize,NA,NA,NA,NA,NA,NA,Continuous maize,,
Gal et al. 2007,10.1016/j.still.2007.02.007,Soybean-maize rotation,NA,NA,NA,NA,NA,NA,Soybean-maize rotation,,
Jin et al. 2007,10.1016/j.still.2007.05.002,Beginning soil properties,NA,NA,NA,NA,NA,NA,Beginning soil properties,0,
Jin et al. 2007,10.1016/j.still.2007.05.002,Conventional tillage,NA,NA,NA,NA,NA,NA,Conventional tillage,1,1
Jin et al. 2007,10.1016/j.still.2007.05.002,No till,NA,NA,NA,NA,NA,NA,No till,2,
Jin et al. 2007,10.1016/j.still.2007.05.002,Reduced tillage,NA,NA,NA,NA,NA,NA,Reduced tillage,3,
Jin et al. 2007,10.1016/j.still.2007.05.002,Subsoiling,NA,NA,NA,NA,NA,NA,Subsoiling,4,
Jin et al. 2007,10.1016/j.still.2007.05.002,Two-crop rotation per year,NA,NA,NA,NA,NA,NA,Two-crop rotation per year,5,
So et al. 2009,10.1016/j.still.2008.10.017,No till,NA,NA,NA,NA,NA,NA,No till,2,
So et al. 2009,10.1016/j.still.2008.10.017,Conventional tillage,NA,NA,NA,NA,NA,NA,Conventional tillage,1,1
Melero et al. 2011,10.1016/j.still.2011.04.007,No till,NA,NA,NA,NA,NA,NA,No till,2,
Melero et al. 2011,10.1016/j.still.2011.04.007,Conventional tillage,NA,NA,NA,NA,NA,NA,Conventional tillage,1,1
Melero et al. 2011,10.1016/j.still.2011.04.007,No till,0 kg N ha-1,NA,NA,NA,NA,NA,"No till, 0 kg N ha-1",2,
Melero et al. 2011,10.1016/j.still.2011.04.007,No till,50 kg N ha-1,NA,NA,NA,NA,NA,"No till, 50 kg N ha-1",3,
Melero et al. 2011,10.1016/j.still.2011.04.007,No till,150 kg N ha-1,NA,NA,NA,NA,NA,"No till, 150 kg N ha-1",4,
Melero et al. 2011,10.1016/j.still.2011.04.007,Conventional tillage,0 kg N ha-1,NA,NA,NA,NA,NA,"Conventional tillage, 0 kg N ha-1",1,1
Melero et al. 2011,10.1016/j.still.2011.04.007,Conventional tillage,50 kg N ha-1,NA,NA,NA,NA,NA,"Conventional tillage, 50 kg N ha-1",3,
Melero et al. 2011,10.1016/j.still.2011.04.007,Conventional tillage,150 kg N ha-1,NA,NA,NA,NA,NA,"Conventional tillage, 150 kg N ha-1",4,
Melero et al. 2011,10.1016/j.still.2011.04.007,0 kg N ha-1,Conventional tillage,NA,NA,NA,NA,NA,"0 kg N ha-1, Conventional tillage",1,1
Melero et al. 2011,10.1016/j.still.2011.04.007,0 kg N ha-1,No till,NA,NA,NA,NA,NA,"0 kg N ha-1, No till",3,
Melero et al. 2011,10.1016/j.still.2011.04.007,50 kg N ha-1,Conventional tillage,NA,NA,NA,NA,NA,"50 kg N ha-1, Conventional tillage",4,
Melero et al. 2011,10.1016/j.still.2011.04.007,50 kg N ha-1,No till,NA,NA,NA,NA,NA,"50 kg N ha-1, No till",5,
Melero et al. 2011,10.1016/j.still.2011.04.007,150 kg N ha-1,Conventional tillage,NA,NA,NA,NA,NA,"150 kg N ha-1, Conventional tillage",6,
Melero et al. 2011,10.1016/j.still.2011.04.007,150 kg N ha-1,No till,NA,NA,NA,NA,NA,"150 kg N ha-1, No till",7,
Tian et al. 2016,10.1016/j.still.2016.06.005,Beginning soil properties,NA,NA,NA,NA,NA,NA,Beginning soil properties,0,
Tian et al. 2016,10.1016/j.still.2016.06.005,Hallow tillage,NA,NA,NA,NA,NA,NA,Hallow tillage,1,1
Tian et al. 2016,10.1016/j.still.2016.06.005,Rotary tillage,NA,NA,NA,NA,NA,NA,Rotary tillage,2,
Tian et al. 2016,10.1016/j.still.2016.06.005,No till,NA,NA,NA,NA,NA,NA,No till,3,
Tian et al. 2016,10.1016/j.still.2016.06.005,Hallow tillage-deep tillage conversion,NA,NA,NA,NA,NA,NA,Hallow tillage-deep tillage conversion,4,
Tian et al. 2016,10.1016/j.still.2016.06.005,Rotary tillage-deep tillage conversion,NA,NA,NA,NA,NA,NA,Rotary tillage-deep tillage conversion,5,
Tian et al. 2016,10.1016/j.still.2016.06.005,No till-deep tillage conversion,NA,NA,NA,NA,NA,NA,No till-deep tillage conversion,6,
Munoz-Romero et al. 2017,10.1016/j.still.2017.02.004,No till,NA,NA,NA,NA,NA,NA,No till,2,
Munoz-Romero et al. 2017,10.1016/j.still.2017.02.004,Conventional tillage,NA,NA,NA,NA,NA,NA,Conventional tillage,1,1
Pikul et al. 2001,10.1016/S0167-1987(01)00174-X,Ridge tillage,NA,NA,NA,NA,NA,NA,Ridge tillage,2,
Pikul et al. 2001,10.1016/S0167-1987(01)00174-X,Conventional tillage,NA,NA,NA,NA,NA,NA,Conventional tillage,1,1
Pikul et al. 2001,10.1016/S0167-1987(01)00174-X,High N fertilization,NA,NA,NA,NA,NA,NA,High N fertilization,3,
Pikul et al. 2001,10.1016/S0167-1987(01)00174-X,Medium N fertilization,NA,NA,NA,NA,NA,NA,Medium N fertilization,4,
Pikul et al. 2001,10.1016/S0167-1987(01)00174-X,No fertilization,NA,NA,NA,NA,NA,NA,No fertilization,1,1
Hernanz et al. 2002,10.1016/S0167-1987(02)00021-1,Conventional tillage,NA,NA,NA,NA,NA,NA,Conventional tillage,1,1
Hernanz et al. 2002,10.1016/S0167-1987(02)00021-1,Minimum tillage,NA,NA,NA,NA,NA,NA,Minimum tillage,2,
Hernanz et al. 2002,10.1016/S0167-1987(02)00021-1,No till,NA,NA,NA,NA,NA,NA,No till,3,
Hernanz et al. 2002,10.1016/S0167-1987(02)00021-1,Zero till,NA,NA,NA,NA,NA,NA,Zero till,4,
Turley et al. 2003,10.1016/S0167-1987(03)00018-7,Boxworth site,Tine/disc cultivation to 15 cm on chopped straw,NA,NA,NA,NA,NA,"Boxworth site, Tine/disc cultivation to 15 cm on chopped straw",1,
Turley et al. 2003,10.1016/S0167-1987(03)00018-7,Boxworth site,Plowed to 20 cm on chopped straw,NA,NA,NA,NA,NA,"Boxworth site, Plowed to 20 cm on chopped straw",2,1
Turley et al. 2003,10.1016/S0167-1987(03)00018-7,Boxworth site,Straw burned followed by tine/disc cultivation to 10 cm,NA,NA,NA,NA,NA,"Boxworth site, Straw burned followed by tine/disc cultivation to 10 cm",3,
Turley et al. 2003,10.1016/S0167-1987(03)00018-7,Drayton site,Tine/disc cultivation to 15 cm on chopped straw,NA,NA,NA,NA,NA,"Drayton site, Tine/disc cultivation to 15 cm on chopped straw",1,
Turley et al. 2003,10.1016/S0167-1987(03)00018-7,Drayton site,Plowed to 20 cm on chopped straw,NA,NA,NA,NA,NA,"Drayton site, Plowed to 20 cm on chopped straw",2,1
Turley et al. 2003,10.1016/S0167-1987(03)00018-7,Drayton site,Straw burned followed by tine/disc cultivation to 10 cm,NA,NA,NA,NA,NA,"Drayton site, Straw burned followed by tine/disc cultivation to 10 cm",3,
Turley et al. 2003,10.1016/S0167-1987(03)00018-7,Bridgets site,Tine/disc cultivation to 15 cm on chopped straw,NA,NA,NA,NA,NA,"Bridgets site, Tine/disc cultivation to 15 cm on chopped straw",1,
Turley et al. 2003,10.1016/S0167-1987(03)00018-7,Bridgets site,Plowed to 20 cm on chopped straw,NA,NA,NA,NA,NA,"Bridgets site, Plowed to 20 cm on chopped straw",2,1
Turley et al. 2003,10.1016/S0167-1987(03)00018-7,Bridgets site,Straw burned followed by tine/disc cultivation to 10 cm,NA,NA,NA,NA,NA,"Bridgets site, Straw burned followed by tine/disc cultivation to 10 cm",3,
Turley et al. 2003,10.1016/S0167-1987(03)00018-7,High Mowthorpe site,Tine/disc cultivation to 15 cm on chopped straw,NA,NA,NA,NA,NA,"High Mowthorpe site, Tine/disc cultivation to 15 cm on chopped straw",1,
Turley et al. 2003,10.1016/S0167-1987(03)00018-7,High Mowthorpe site,Plowed to 20 cm on chopped straw,NA,NA,NA,NA,NA,"High Mowthorpe site, Plowed to 20 cm on chopped straw",2,1
Turley et al. 2003,10.1016/S0167-1987(03)00018-7,High Mowthorpe site,Straw burned followed by tine/disc cultivation to 10 cm,NA,NA,NA,NA,NA,"High Mowthorpe site, Straw burned followed by tine/disc cultivation to 10 cm",3,
Turley et al. 2003,10.1016/S0167-1987(03)00018-7,Terrington site,Tine/disc cultivation to 15 cm on chopped straw,NA,NA,NA,NA,NA,"Terrington site, Tine/disc cultivation to 15 cm on chopped straw",1,
Turley et al. 2003,10.1016/S0167-1987(03)00018-7,Terrington site,Plowed to 20 cm on chopped straw,NA,NA,NA,NA,NA,"Terrington site, Plowed to 20 cm on chopped straw",2,1
Turley et al. 2003,10.1016/S0167-1987(03)00018-7,Terrington site,Straw burned followed by tine/disc cultivation to 10 cm,NA,NA,NA,NA,NA,"Terrington site, Straw burned followed by tine/disc cultivation to 10 cm",3,
Van Doren et al. 1977,10.1016/S0167-1987(03)00018-7,Continuous corn,Conventional tillage,NA,NA,NA,NA,NA,"Continuous corn, Conventional tillage",1,1
Van Doren et al. 1977,10.1016/S0167-1987(03)00018-7,Continuous corn,Minimum tillage,NA,NA,NA,NA,NA,"Continuous corn, Minimum tillage",2,
Van Doren et al. 1977,10.1016/S0167-1987(03)00018-7,Continuous corn,No till,NA,NA,NA,NA,NA,"Continuous corn, No till",3,
Van Doren et al. 1977,10.1016/S0167-1987(03)00018-7,Corn-soybean rotation,Conventional tillage,NA,NA,NA,NA,NA,"Corn-soybean rotation, Conventional tillage",4,
Van Doren et al. 1977,10.1016/S0167-1987(03)00018-7,Corn-soybean rotation,Minimum tillage,NA,NA,NA,NA,NA,"Corn-soybean rotation, Minimum tillage",5,
Van Doren et al. 1977,10.1016/S0167-1987(03)00018-7,Corn-soybean rotation,No till,NA,NA,NA,NA,NA,"Corn-soybean rotation, No till",6,
Van Doren et al. 1977,10.1016/S0167-1987(03)00018-7,Corn-oats-hay rotation,Conventional tillage,NA,NA,NA,NA,NA,"Corn-oats-hay rotation, Conventional tillage",7,
Van Doren et al. 1977,10.1016/S0167-1987(03)00018-7,Corn-oats-hay rotation,Minimum tillage,NA,NA,NA,NA,NA,"Corn-oats-hay rotation, Minimum tillage",8,
Van Doren et al. 1977,10.1016/S0167-1987(03)00018-7,Corn-oats-hay rotation,No till,NA,NA,NA,NA,NA,"Corn-oats-hay rotation, No till",9,
Carter 1996,10.1016/S0167-1987(96)01023-9,Beginning soil properties,NA,NA,NA,NA,NA,NA,Beginning soil properties,0,
Carter 1996,10.1016/S0167-1987(96)01023-9,All treatments (mean),NA,NA,NA,NA,NA,NA,All treatments (mean),0,
Carter 1996,10.1016/S0167-1987(96)01023-9,Moldboard plow,NA,NA,NA,NA,NA,NA,Moldboard plow,1,1
Carter 1996,10.1016/S0167-1987(96)01023-9,Chisel plow,NA,NA,NA,NA,NA,NA,Chisel plow,2,
Ekeberg and Riley 1997,10.1016/S0167-1987(97)00008-1,Plow,SOC placeholder,NA,NA,NA,NA,NA,"Plow, SOC placeholder",1,1
Ekeberg and Riley 1997,10.1016/S0167-1987(97)00008-1,Tine 12 cm,SOC placeholder,NA,NA,NA,NA,NA,"Tine 12 cm, SOC placeholder",2,
Ekeberg and Riley 1997,10.1016/S0167-1987(97)00008-1,Tine 6 cm,SOC placeholder,NA,NA,NA,NA,NA,"Tine 6 cm, SOC placeholder",3,
Ekeberg and Riley 1997,10.1016/S0167-1987(97)00008-1,Minimum,SOC placeholder,NA,NA,NA,NA,NA,"Minimum, SOC placeholder",4,
Karlen et al. 1998,10.1016/S0167-1987(98)00142-1,Moldboard plow,NA,NA,NA,NA,NA,NA,Moldboard plow,1,1
Karlen et al. 1998,10.1016/S0167-1987(98)00142-1,Chisel plow,NA,NA,NA,NA,NA,NA,Chisel plow,2,
Karlen et al. 1998,10.1016/S0167-1987(98)00142-1,Ridge tillage,NA,NA,NA,NA,NA,NA,Ridge tillage,3,
Karlen et al. 1998,10.1016/S0167-1987(98)00142-1,No till,NA,NA,NA,NA,NA,NA,No till,4,
Karlen et al. 1998,10.1016/S0167-1987(98)00142-1,No tillage,NA,NA,NA,NA,NA,NA,No tillage,4,
Huang et al. 2006,10.1016/S1002-0160(06)60100-8,Conventional tillage,NA,NA,NA,NA,NA,NA,Conventional tillage,1,1
Huang et al. 2006,10.1016/S1002-0160(06)60100-8,Ridge tillage,NA,NA,NA,NA,NA,NA,Ridge tillage,2,
Zhang et al. 2009,10.1017/S0021859608008265,Beginning soil properties,Chongqing site,NA,NA,NA,NA,NA,"Beginning soil properties, Chongqing site",0,
Zhang et al. 2009,10.1017/S0021859608008265,Beginning soil properties,Gongzhuling site,NA,NA,NA,NA,NA,"Beginning soil properties, Gongzhuling site",0,
Zhang et al. 2009,10.1017/S0021859608008265,Beginning soil properties,Hangzhou site,NA,NA,NA,NA,NA,"Beginning soil properties, Hangzhou site",0,
Zhang et al. 2009,10.1017/S0021859608008265,Beginning soil properties,Qiyang site,NA,NA,NA,NA,NA,"Beginning soil properties, Qiyang site",0,
Zhang et al. 2009,10.1017/S0021859608008265,Beginning soil properties,Suining site,NA,NA,NA,NA,NA,"Beginning soil properties, Suining site",0,
Zhang et al. 2009,10.1017/S0021859608008265,Beginning soil properties,Wuchange site,NA,NA,NA,NA,NA,"Beginning soil properties, Wuchange site",0,
Zhang et al. 2009,10.1017/S0021859608008265,Beginning soil properties,Xuzhou site,NA,NA,NA,NA,NA,"Beginning soil properties, Xuzhou site",0,
Zhang et al. 2009,10.1017/S0021859608008265,Beginning soil properties,Yangling site,NA,NA,NA,NA,NA,"Beginning soil properties, Yangling site",0,
Zhang et al. 2009,10.1017/S0021859608008265,Beginning soil properties,Zhengzhou site,NA,NA,NA,NA,NA,"Beginning soil properties, Zhengzhou site",0,
Zhang et al. 2009,10.1017/S0021859608008265,Chongqing site,NPK plus manure fertilizer,NA,NA,NA,NA,NA,"Chongqing site, NPK plus manure fertilizer",2,
Zhang et al. 2009,10.1017/S0021859608008265,Gongzhuling site,NPK plus manure fertilizer,NA,NA,NA,NA,NA,"Gongzhuling site, NPK plus manure fertilizer",2,
Zhang et al. 2009,10.1017/S0021859608008265,Hangzhou site,NPK plus manure fertilizer,NA,NA,NA,NA,NA,"Hangzhou site, NPK plus manure fertilizer",2,
Zhang et al. 2009,10.1017/S0021859608008265,Qiyang site,NPK plus manure fertilizer,NA,NA,NA,NA,NA,"Qiyang site, NPK plus manure fertilizer",2,
Zhang et al. 2009,10.1017/S0021859608008265,Suining site,NPK plus manure fertilizer,NA,NA,NA,NA,NA,"Suining site, NPK plus manure fertilizer",2,
Zhang et al. 2009,10.1017/S0021859608008265,Wuchang site,NPK plus manure fertilizer,NA,NA,NA,NA,NA,"Wuchang site, NPK plus manure fertilizer",2,
Zhang et al. 2009,10.1017/S0021859608008265,Xuzhou site,NPK plus manure fertilizer,NA,NA,NA,NA,NA,"Xuzhou site, NPK plus manure fertilizer",2,
Zhang et al. 2009,10.1017/S0021859608008265,Yangling site,NPK plus manure fertilizer,NA,NA,NA,NA,NA,"Yangling site, NPK plus manure fertilizer",2,
Zhang et al. 2009,10.1017/S0021859608008265,Zhengzhou site,NPK plus manure fertilizer,NA,NA,NA,NA,NA,"Zhengzhou site, NPK plus manure fertilizer",2,
Tan et al. 2015,10.1038/srep17592,Conventional tillage,NA,NA,NA,NA,NA,NA,Conventional tillage,1,1
Tan et al. 2015,10.1038/srep17592,No till,NA,NA,NA,NA,NA,NA,No till,2,
Tan et al. 2015,10.1038/srep17592,Straw mulching,NA,NA,NA,NA,NA,NA,Straw mulching,3,
Tan et al. 2015,10.1038/srep17592,Plastic mulching,NA,NA,NA,NA,NA,NA,Plastic mulching,4,
Tan et al. 2015,10.1038/srep17592,Ridging and plastic mulching,NA,NA,NA,NA,NA,NA,Ridging and plastic mulching,5,
Tan et al. 2015,10.1038/srep17592,Interplanting with alfalfa,NA,NA,NA,NA,NA,NA,Interplanting with alfalfa,6,
Karlen et al. 1989,10.1080/00103628909368158,Conventional tillage,NA,NA,NA,NA,NA,NA,Conventional tillage,2,
Karlen et al. 1989,10.1080/00103628909368158,Conservation tillage,NA,NA,NA,NA,NA,NA,Conservation tillage,1,1
Karlen et al. 1989,10.1080/00103628909368158,Depth effect,NA,NA,NA,NA,NA,NA,Depth effect,0,
Kumar et al. 2014,10.1080/00380768.2013.878643,No till,NA,NA,NA,NA,NA,NA,No till,2,
Kumar et al. 2014,10.1080/00380768.2013.878643,Chisel-till,NA,NA,NA,NA,NA,NA,Chisel-till,1,1
Kumar et al. 2014,10.1080/00380768.2013.878643,Tile-drained,NA,NA,NA,NA,NA,NA,Tile-drained,3,
Kumar et al. 2014,10.1080/00380768.2013.878643,Undrained,NA,NA,NA,NA,NA,NA,Undrained,4,
He et al. 2009,10.1111/j.1475-2743.2009.00210.x,Beginning soil properties,NA,NA,NA,NA,NA,NA,Beginning soil properties,0,
He et al. 2009,10.1111/j.1475-2743.2009.00210.x,No till with straw cover,NA,NA,NA,NA,NA,NA,No till with straw cover,4,
He et al. 2009,10.1111/j.1475-2743.2009.00210.x,Subsoiling with straw cover,NA,NA,NA,NA,NA,NA,Subsoiling with straw cover,3,
He et al. 2009,10.1111/j.1475-2743.2009.00210.x,Rototilling with straw cover,NA,NA,NA,NA,NA,NA,Rototilling with straw cover,2,
He et al. 2009,10.1111/j.1475-2743.2009.00210.x,Traditional plowing,NA,NA,NA,NA,NA,NA,Traditional plowing,1,1
Thierfelder and Wall 2012,10.1111/j.1475-2743.2012.00406.x,Chikato site,Beginning soil properties,NA,NA,NA,NA,NA,"Chikato site, Beginning soil properties",0,
Thierfelder and Wall 2012,10.1111/j.1475-2743.2012.00406.x,Chikato site,Conventional plowing,NA,NA,NA,NA,NA,"Chikato site, Conventional plowing",1,1
Thierfelder and Wall 2012,10.1111/j.1475-2743.2012.00406.x,Chikato site,Ripline seeding,NA,NA,NA,NA,NA,"Chikato site, Ripline seeding",2,
Thierfelder and Wall 2012,10.1111/j.1475-2743.2012.00406.x,Chikato site,Direct seeding,NA,NA,NA,NA,NA,"Chikato site, Direct seeding",3,
Thierfelder and Wall 2012,10.1111/j.1475-2743.2012.00406.x,Henderson site,Beginning soil properties,NA,NA,NA,NA,NA,"Henderson site, Beginning soil properties",0,
Thierfelder and Wall 2012,10.1111/j.1475-2743.2012.00406.x,Henderson site,Conventional plowing,NA,NA,NA,NA,NA,"Henderson site, Conventional plowing",4,1
Thierfelder and Wall 2012,10.1111/j.1475-2743.2012.00406.x,Henderson site,Ripline seeding,NA,NA,NA,NA,NA,"Henderson site, Ripline seeding",5,
Thierfelder and Wall 2012,10.1111/j.1475-2743.2012.00406.x,Henderson site,Direct seeding,NA,NA,NA,NA,NA,"Henderson site, Direct seeding",6,
Thierfelder and Wall 2012,10.1111/j.1475-2743.2012.00406.x,Hereford site,Beginning soil properties,NA,NA,NA,NA,NA,"Hereford site, Beginning soil properties",0,
Thierfelder and Wall 2012,10.1111/j.1475-2743.2012.00406.x,Hereford site,Conventional plowing,NA,NA,NA,NA,NA,"Hereford site, Conventional plowing",7,1
Thierfelder and Wall 2012,10.1111/j.1475-2743.2012.00406.x,Hereford site,Ripline seeding,NA,NA,NA,NA,NA,"Hereford site, Ripline seeding",8,
Thierfelder and Wall 2012,10.1111/j.1475-2743.2012.00406.x,Hereford site,Direct seeding,NA,NA,NA,NA,NA,"Hereford site, Direct seeding",9,
Sainju et al. 2015,10.1186/s40064-015-1122-4,Beginning soil properties (estimated from nearby grassland),NA,NA,NA,NA,NA,NA,Beginning soil properties (estimated from nearby grassland),0,
Sainju et al. 2015,10.1186/s40064-015-1122-4,Continuous spring wheat rotation,No till,,NA,NA,NA,NA,"Continuous spring wheat rotation, No till",2,
Sainju et al. 2015,10.1186/s40064-015-1122-4,Continuous spring wheat rotation,Spring till,,NA,NA,NA,NA,"Continuous spring wheat rotation, Spring till",1,1
Sainju et al. 2015,10.1186/s40064-015-1122-4,Continuous spring wheat rotation,Fall and spring till,,NA,NA,NA,NA,"Continuous spring wheat rotation, Fall and spring till",1,1
Sainju et al. 2015,10.1186/s40064-015-1122-4,Spring wheat-pea rotation,Fall and spring till,,NA,NA,NA,NA,"Spring wheat-pea rotation, Fall and spring till",3,
Sainju et al. 2015,10.1186/s40064-015-1122-4,Spring wheat-fallow rotation,Spring till,,NA,NA,NA,NA,"Spring wheat-fallow rotation, Spring till",4,
Mazzoncini et al. 2008,10.2134/agronj2007.0173,Beginning soil properties,NA,NA,NA,NA,NA,NA,Beginning soil properties,0,
Wang et al. 2008,10.2134/agronj2008.0012,Cowpea incorporated,NA,NA,NA,NA,NA,NA,Cowpea incorporated,3,
Wang et al. 2008,10.2134/agronj2008.0012,Cowpea used as mulch,NA,NA,NA,NA,NA,NA,Cowpea used as mulch,4,
Wang et al. 2008,10.2134/agronj2008.0012,Integrated crop management,NA,NA,NA,NA,NA,NA,Integrated crop management,5,
Wang et al. 2008,10.2134/agronj2008.0012,Organic management,NA,NA,NA,NA,NA,NA,Organic management,6,
Wang et al. 2008,10.2134/agronj2008.0012,Sudangrass incorporated,NA,NA,NA,NA,NA,NA,Sudangrass incorporated,7,
Wang et al. 2008,10.1016/j.geoderma.2008.01.003,No till,Straw cover,NA,NA,NA,NA,NA,"No till, Straw cover",9,
Wang et al. 2008,10.1016/j.geoderma.2008.01.003,Traditional tillage,Straw removal,NA,NA,NA,NA,NA,"Traditional tillage, Straw removal",8,
Sainju et al. 2010,10.2134/agronj2010.0216,Beginning soil properties,NA,NA,NA,NA,NA,NA,Beginning soil properties,0,
Sainju et al. 2010,10.2134/agronj2010.0216,Continuous spring wheat,NA,NA,NA,NA,NA,NA,Continuous spring wheat,1,1
Sainju et al. 2010,10.2134/agronj2010.0216,Spring wheat-fallow rotation,NA,NA,NA,NA,NA,NA,Spring wheat-fallow rotation,2,
Sainju et al. 2010,10.2134/agronj2010.0216,Winter wheat-fallow rotation,NA,NA,NA,NA,NA,NA,Winter wheat-fallow rotation,3,
Sainju et al. 2010,10.2134/agronj2010.0216,Chemical weed management,NA,NA,NA,NA,NA,NA,Chemical weed management,4,
Sainju et al. 2010,10.2134/agronj2010.0216,Mechanical weed management,NA,NA,NA,NA,NA,NA,Mechanical weed management,5,
Sainju et al. 2010,10.2134/agronj2010.0216,Grazing weed management,NA,NA,NA,NA,NA,NA,Grazing weed management,6,
Sainju et al. 2010,10.2134/agronj2010.0216,Continuous spring wheat,Chemical weed management,NA,NA,NA,NA,NA,"Continuous spring wheat, Chemical weed management",,
Sainju et al. 2010,10.2134/agronj2010.0216,Continuous spring wheat,Mechanical weed management,NA,NA,NA,NA,NA,"Continuous spring wheat, Mechanical weed management",,
Sainju et al. 2010,10.2134/agronj2010.0216,Continuous spring wheat,Grazing weed management,NA,NA,NA,NA,NA,"Continuous spring wheat, Grazing weed management",,
Sainju et al. 2010,10.2134/agronj2010.0216,Spring wheat-fallow rotation,Chemical weed management,NA,NA,NA,NA,NA,"Spring wheat-fallow rotation, Chemical weed management",,
Sainju et al. 2010,10.2134/agronj2010.0216,Spring wheat-fallow rotation,Mechanical weed management,NA,NA,NA,NA,NA,"Spring wheat-fallow rotation, Mechanical weed management",,
Sainju et al. 2010,10.2134/agronj2010.0216,Spring wheat-fallow rotation,Grazing weed management,NA,NA,NA,NA,NA,"Spring wheat-fallow rotation, Grazing weed management",,
Sainju et al. 2010,10.2134/agronj2010.0216,Winter wheat-fallow rotation,Chemical weed management,NA,NA,NA,NA,NA,"Winter wheat-fallow rotation, Chemical weed management",,
Sainju et al. 2010,10.2134/agronj2010.0216,Winter wheat-fallow rotation,Mechanical weed management,NA,NA,NA,NA,NA,"Winter wheat-fallow rotation, Mechanical weed management",,
Sainju et al. 2010,10.2134/agronj2010.0216,Winter wheat-fallow rotation,Grazing weed management,NA,NA,NA,NA,NA,"Winter wheat-fallow rotation, Grazing weed management",,
Cook and Trlica 2016,10.2134/agronj2015.0397,No fertilizer control,Molboard plow,NA,NA,NA,NA,NA,"No fertilizer control, Molboard plow",1,1
Cook and Trlica 2016,10.2134/agronj2015.0397,No fertilizer control,Chisel plow,NA,NA,NA,NA,NA,"No fertilizer control, Chisel plow",1,1
Cook and Trlica 2016,10.2134/agronj2015.0397,No fertilizer control,Alternate tillage,NA,NA,NA,NA,NA,"No fertilizer control, Alternate tillage",2,
Cook and Trlica 2016,10.2134/agronj2015.0397,No fertilizer control,No-till,NA,NA,NA,NA,NA,"No fertilizer control, No-till",3,
Cook and Trlica 2016,10.2134/agronj2015.0397,N-only,Molboard plow,NA,NA,NA,NA,NA,"N-only, Molboard plow",4,
Cook and Trlica 2016,10.2134/agronj2015.0397,N-only,Chisel plow,NA,NA,NA,NA,NA,"N-only, Chisel plow",5,
Cook and Trlica 2016,10.2134/agronj2015.0397,N-only,Alternate tillage,NA,NA,NA,NA,NA,"N-only, Alternate tillage",6,
Cook and Trlica 2016,10.2134/agronj2015.0397,N-only,No-till,NA,NA,NA,NA,NA,"N-only, No-till",7,
Cook and Trlica 2016,10.2134/agronj2015.0397,NPK,Molboard plow,NA,NA,NA,NA,NA,"NPK, Molboard plow",8,
Cook and Trlica 2016,10.2134/agronj2015.0397,NPK,Chisel plow,NA,NA,NA,NA,NA,"NPK, Chisel plow",9,
Cook and Trlica 2016,10.2134/agronj2015.0397,NPK,Alternate tillage,NA,NA,NA,NA,NA,"NPK, Alternate tillage",10,
Cook and Trlica 2016,10.2134/agronj2015.0397,NPK,No-till,NA,NA,NA,NA,NA,"NPK, No-till",11,
Yost et al. 2016,10.2134/agronj2015.0413,Beginning soil properties,Summit landscape position,NA,NA,NA,NA,NA,"Beginning soil properties, Summit landscape position",,
Yost et al. 2016,10.2134/agronj2015.0413,Beginning soil properties,Backslope landscape position,NA,NA,NA,NA,NA,"Beginning soil properties, Backslope landscape position",,
Yost et al. 2016,10.2134/agronj2015.0413,Beginning soil properties,Footslope landscape position,NA,NA,NA,NA,NA,"Beginning soil properties, Footslope landscape position",,
Ghimire et al. 2017,10.2134/agronj2016.08.0462,NA,NA,NA,NA,NA,NA,NA,NA,,
Ghimire et al. 2017,10.2134/agronj2016.08.0462,Moldboard plow,NA,NA,NA,NA,NA,NA,Moldboard plow,1,1
Ghimire et al. 2017,10.2134/agronj2016.08.0462,Offset disk plow,NA,NA,NA,NA,NA,NA,Offset disk plow,2,
Ghimire et al. 2017,10.2134/agronj2016.08.0462,Subsurface sweep tillage,NA,NA,NA,NA,NA,NA,Subsurface sweep tillage,3,
Curtin et al. 2000,10.2136/sssaj2000.6462080x,Conventional tillage,Continuous wheat rotation,Site placeholder,NA,NA,NA,NA,"Conventional tillage, Continuous wheat rotation, Site placeholder",1,1
Curtin et al. 2000,10.2136/sssaj2000.6462080x,No till,Continuous wheat rotation,Site placeholder,NA,NA,NA,NA,"No till, Continuous wheat rotation, Site placeholder",2,
Curtin et al. 2000,10.2136/sssaj2000.6462080x,Conventional tillage,Fallow-wheat rotation,Site placeholder,NA,NA,NA,NA,"Conventional tillage, Fallow-wheat rotation, Site placeholder",3,
Curtin et al. 2000,10.2136/sssaj2000.6462080x,No till,Fallow-wheat rotation,Site placeholder,NA,NA,NA,NA,"No till, Fallow-wheat rotation, Site placeholder",4,
Eckmeier et al. 2007,10.2136/sssaj2000.6462080x,Control,NA,NA,NA,NA,NA,NA,Control,,
Eckmeier et al. 2007,10.2136/sssaj2000.6462080x,Burnt,NA,NA,NA,NA,NA,NA,Burnt,,
Eckmeier et al. 2007,10.2136/sssaj2000.6462080x,1 year after burnt,NA,NA,NA,NA,NA,NA,1 year after burnt,,
Allmaras et al. 2004,10.2136/sssaj2004.1366,No till,0 kg N ha-1,Residue harvest,NA,NA,NA,NA,"No till, 0 kg N ha-1, Residue harvest",1,
Allmaras et al. 2004,10.2136/sssaj2004.1366,Moldboard plow,0 kg N ha-1,Residue harvest,NA,NA,NA,NA,"Moldboard plow, 0 kg N ha-1, Residue harvest",3,1
Allmaras et al. 2004,10.2136/sssaj2004.1366,Chisel plow,0 kg N ha-1,Residue harvest,NA,NA,NA,NA,"Chisel plow, 0 kg N ha-1, Residue harvest",2,
Allmaras et al. 2004,10.2136/sssaj2004.1366,No till,0 kg N ha-1,Residue return,NA,NA,NA,NA,"No till, 0 kg N ha-1, Residue return",4,
Allmaras et al. 2004,10.2136/sssaj2004.1366,Moldboard plow,0 kg N ha-1,Residue return,NA,NA,NA,NA,"Moldboard plow, 0 kg N ha-1, Residue return",6,
Allmaras et al. 2004,10.2136/sssaj2004.1366,Chisel plow,0 kg N ha-1,Residue return,NA,NA,NA,NA,"Chisel plow, 0 kg N ha-1, Residue return",5,
Allmaras et al. 2004,10.2136/sssaj2004.1366,No till,200 kg N ha-1,Residue harvest,NA,NA,NA,NA,"No till, 200 kg N ha-1, Residue harvest",7,
Allmaras et al. 2004,10.2136/sssaj2004.1366,Moldboard plow,200 kg N ha-1,Residue harvest,NA,NA,NA,NA,"Moldboard plow, 200 kg N ha-1, Residue harvest",9,
Allmaras et al. 2004,10.2136/sssaj2004.1366,Chisel plow,200 kg N ha-1,Residue harvest,NA,NA,NA,NA,"Chisel plow, 200 kg N ha-1, Residue harvest",8,
Allmaras et al. 2004,10.2136/sssaj2004.1366,No till,200 kg N ha-1,Residue return,NA,NA,NA,NA,"No till, 200 kg N ha-1, Residue return",10,
Allmaras et al. 2004,10.2136/sssaj2004.1366,Moldboard plow,200 kg N ha-1,Residue return,NA,NA,NA,NA,"Moldboard plow, 200 kg N ha-1, Residue return",12,
Allmaras et al. 2004,10.2136/sssaj2004.1366,Chisel plow,200 kg N ha-1,Residue return,NA,NA,NA,NA,"Chisel plow, 200 kg N ha-1, Residue return",11,
Omonode et al. 2006,10.2136/sssaj2005.0083,No till,NA,NA,NA,NA,NA,NA,No till,2,
Omonode et al. 2006,10.2136/sssaj2005.0083,"Moldboard plow 1980-1996, chisel plow 1997, no till 1998-2003",NA,NA,NA,NA,NA,NA,"Moldboard plow 1980-1996, chisel plow 1997, no till 1998-2003",3,
Omonode et al. 2006,10.2136/sssaj2005.0083,"Moldboard plow 1980-1996, chisel plow 1997-2003",NA,NA,NA,NA,NA,NA,"Moldboard plow 1980-1996, chisel plow 1997-2003",1,1
Omonode et al. 2006,10.2136/sssaj2005.0083,Chisel plow,NA,NA,NA,NA,NA,NA,Chisel plow,1,1
Omonode et al. 2006,10.2136/sssaj2005.0083,Maize-maize rotation,NA,NA,NA,NA,NA,NA,Maize-maize rotation,1,1
Omonode et al. 2006,10.2136/sssaj2005.0083,Soybean-maize rotation,NA,NA,NA,NA,NA,NA,Soybean-maize rotation,2,
Poirer et al. 2009,10.2136/sssaj2008.0006,Consistent soil properties,NA,NA,NA,NA,NA,NA,Consistent soil properties,0,
Poirer et al. 2009,10.2136/sssaj2008.0006,No till,NA,NA,NA,NA,NA,NA,No till,2,
Poirer et al. 2009,10.2136/sssaj2008.0006,Moldboard plow,NA,NA,NA,NA,NA,NA,Moldboard plow,1,1
Poirer et al. 2009,10.2136/sssaj2008.0006,0 kg N ha-1,NA,NA,NA,NA,NA,NA,0 kg N ha-1,1,1
Poirer et al. 2009,10.2136/sssaj2008.0006,80 kg N ha-1,NA,NA,NA,NA,NA,NA,80 kg N ha-1,3,
Poirer et al. 2009,10.2136/sssaj2008.0006,160 kg N ha-1,NA,NA,NA,NA,NA,NA,160 kg N ha-1,4,
Poirer et al. 2009,10.2136/sssaj2008.0006,No till,0 kg N ha-1,NA,NA,NA,NA,NA,"No till, 0 kg N ha-1",5,
Poirer et al. 2009,10.2136/sssaj2008.0006,No till,80 kg N ha-1,NA,NA,NA,NA,NA,"No till, 80 kg N ha-1",6,
Poirer et al. 2009,10.2136/sssaj2008.0006,No till,160 kg N ha-1,NA,NA,NA,NA,NA,"No till, 160 kg N ha-1",7,
Poirer et al. 2009,10.2136/sssaj2008.0006,Moldboard plow,0 kg N ha-1,NA,NA,NA,NA,NA,"Moldboard plow, 0 kg N ha-1",1,1
Poirer et al. 2009,10.2136/sssaj2008.0006,Moldboard plow,80 kg N ha-1,NA,NA,NA,NA,NA,"Moldboard plow, 80 kg N ha-1",8,
Poirer et al. 2009,10.2136/sssaj2008.0006,Moldboard plow,160 kg N ha-1,NA,NA,NA,NA,NA,"Moldboard plow, 160 kg N ha-1",9,
Poirer et al. 2009,10.2136/sssaj2008.0006,0 kg P2O5 ha-1,160 kg N ha-1,NA,NA,NA,NA,NA,"0 kg P2O5 ha-1, 160 kg N ha-1",1,1
Poirer et al. 2009,10.2136/sssaj2008.0006,40 kg P2O5 ha-1,160 kg N ha-1,NA,NA,NA,NA,NA,"40 kg P2O5 ha-1, 160 kg N ha-1",10,
Poirer et al. 2009,10.2136/sssaj2008.0006,80 kg P2O5 ha-1,160 kg N ha-1,NA,NA,NA,NA,NA,"80 kg P2O5 ha-1, 160 kg N ha-1",11,
Watts et al. 2010,10.2136/sssaj2008.0415,Continuous maize,No till,Inorganic fertilizer,NA,NA,NA,NA,"Continuous maize, No till, Inorganic fertilizer",2,2
Watts et al. 2010,10.2136/sssaj2008.0415,Continuous maize,No till,Poultry litter,NA,NA,NA,NA,"Continuous maize, No till, Poultry litter",2,2
Watts et al. 2010,10.2136/sssaj2008.0415,Continuous maize,Conventional tillage,Inorganic fertilizer,NA,NA,NA,NA,"Continuous maize, Conventional tillage, Inorganic fertilizer",1,1
Watts et al. 2010,10.2136/sssaj2008.0415,Continuous maize,Conventional tillage,Poultry litter,NA,NA,NA,NA,"Continuous maize, Conventional tillage, Poultry litter",1,1
Watts et al. 2010,10.2136/sssaj2008.0415,Continuous soybean,No till,Inorganic fertilizer,NA,NA,NA,NA,"Continuous soybean, No till, Inorganic fertilizer",2,2
Watts et al. 2010,10.2136/sssaj2008.0415,Continuous soybean,No till,Poultry litter,NA,NA,NA,NA,"Continuous soybean, No till, Poultry litter",2,2
Watts et al. 2010,10.2136/sssaj2008.0415,Continuous soybean,Conventional tillage,Inorganic fertilizer,NA,NA,NA,NA,"Continuous soybean, Conventional tillage, Inorganic fertilizer",1,1
Watts et al. 2010,10.2136/sssaj2008.0415,Continuous soybean,Conventional tillage,Poultry litter,NA,NA,NA,NA,"Continuous soybean, Conventional tillage, Poultry litter",1,1
Halpern et al. 2010,10.2136/sssaj2009.0406,No till,High residue input,NA,NA,NA,NA,NA,"No till, High residue input",6,
Halpern et al. 2010,10.2136/sssaj2009.0406,No till,Low residue input,NA,NA,NA,NA,NA,"No till, Low residue input",5,
Halpern et al. 2010,10.2136/sssaj2009.0406,Reduced tillage,High residue input,NA,NA,NA,NA,NA,"Reduced tillage, High residue input",4,
Halpern et al. 2010,10.2136/sssaj2009.0406,Reduced tillage,Low residue input,NA,NA,NA,NA,NA,"Reduced tillage, Low residue input",3,
Halpern et al. 2010,10.2136/sssaj2009.0406,Conventional tillage,High residue input,NA,NA,NA,NA,NA,"Conventional tillage, High residue input",2,
Halpern et al. 2010,10.2136/sssaj2009.0406,Conventional tillage,Low residue input,NA,NA,NA,NA,NA,"Conventional tillage, Low residue input",1,1
Kumar et al. 2012,10.2136/sssaj2012.0055,Plow tillage,NA,NA,NA,NA,NA,NA,Plow tillage,1,1
Kumar et al. 2012,10.2136/sssaj2012.0055,Minimum tillage,NA,NA,NA,NA,NA,NA,Minimum tillage,2,
Kumar et al. 2012,10.2136/sssaj2012.0055,No till,NA,NA,NA,NA,NA,NA,No till,3,
Kumar et al. 2012,10.2136/sssaj2012.0055,Woodlot area (undisturbed soil),NA,NA,NA,NA,NA,NA,Woodlot area (undisturbed soil),0,
Kumar et al. 2012,10.2136/sssaj2012.0055,Continuous maize,NA,NA,NA,NA,NA,NA,Continuous maize,4,
Kumar et al. 2012,10.2136/sssaj2012.0055,Maize-soybean rotation,NA,NA,NA,NA,NA,NA,Maize-soybean rotation,5,
Schmer et al. 2014,10.2136/sssaj2014.04.0166,Conventional tillage,No residue removal,NA,NA,NA,NA,NA,"Conventional tillage, No residue removal",2,
Schmer et al. 2014,10.2136/sssaj2014.04.0166,Conventional tillage,Medium residue removal,NA,NA,NA,NA,NA,"Conventional tillage, Medium residue removal",3,
Schmer et al. 2014,10.2136/sssaj2014.04.0166,Conventional tillage,High residue removal,NA,NA,NA,NA,NA,"Conventional tillage, High residue removal",1,1
Schmer et al. 2014,10.2136/sssaj2014.04.0166,No till,No residue removal,NA,NA,NA,NA,NA,"No till, No residue removal",4,
Schmer et al. 2014,10.2136/sssaj2014.04.0166,No till,Medium residue removal,NA,NA,NA,NA,NA,"No till, Medium residue removal",5,
Schmer et al. 2014,10.2136/sssaj2014.04.0166,No till,High residue removal,NA,NA,NA,NA,NA,"No till, High residue removal",6,
Senapati et al. 2014,10.2136/sssaj2014.04.0166,Continuous cotton,Conventional tillage,NA,NA,NA,NA,NA,"Continuous cotton, Conventional tillage",1,1
Senapati et al. 2014,10.2136/sssaj2014.04.0166,Continuous cotton,Minimum tillage,NA,NA,NA,NA,NA,"Continuous cotton, Minimum tillage",2,
Senapati et al. 2014,10.2136/sssaj2014.04.0166,Cotton-wheat rotation,Minimum tillage,NA,NA,NA,NA,NA,"Cotton-wheat rotation, Minimum tillage",3,
Booher et al. 2012,10.3958/059.037.0103,Control,NA,NA,NA,NA,NA,NA,Control,1,1
Booher et al. 2012,10.3958/059.037.0103,"Beef manure, 168 kg N ha-1",NA,NA,NA,NA,NA,NA,"Beef manure, 168 kg N ha-1",2,
Booher et al. 2012,10.3958/059.037.0103,"Beef manure, 504 kg N ha-1",NA,NA,NA,NA,NA,NA,"Beef manure, 504 kg N ha-1",3,
Booher et al. 2012,10.3958/059.037.0103,"Swine effluent, 168 kg N ha-1",NA,NA,NA,NA,NA,NA,"Swine effluent, 168 kg N ha-1",4,
Booher et al. 2012,10.3958/059.037.0103,"Swine effluent, 504 kg N ha-1",NA,NA,NA,NA,NA,NA,"Swine effluent, 504 kg N ha-1",5,
Booher et al. 2012,10.3958/059.037.0103,"Anhyrdous ammonia, 168 kg N ha-1",NA,NA,NA,NA,NA,NA,"Anhyrdous ammonia, 168 kg N ha-1",6,
Booher et al. 2012,10.3958/059.037.0103,"Anhyrdous ammonia, 504 kg N ha-1",NA,NA,NA,NA,NA,NA,"Anhyrdous ammonia, 504 kg N ha-1",7,
Sommer et al. 2014,10.4236/ojss.2014.43015,B7 trial,N fertilizer applied,,,,,,"B7 trial, N fertilizer applied",,
Sommer et al. 2014,10.4236/ojss.2014.43015,B7 trial,No N fertilizer applied,,,,,,"B7 trial, No N fertilizer applied",,1
Sommer et al. 2014,10.4236/ojss.2014.43015,C16 trial,Conventional tillage,Early planting,Residues partly removed,,,,"C16 trial, Conventional tillage, Early planting, Residues partly removed",,
Sommer et al. 2014,10.4236/ojss.2014.43015,C16 trial,No till,Early planting,Residues partly removed,NA,NA,NA,"C16 trial, No till, Early planting, Residues partly removed",,
Sommer et al. 2014,10.4236/ojss.2014.43015,C16 trial,Block 1,Conventional tillage,Late planting,Residues partly removed,NA,NA,"C16 trial, Block 1, Conventional tillage, Late planting, Residues partly removed",,
Sommer et al. 2014,10.4236/ojss.2014.43015,C16 trial,Block 1,No till,Early planting,Residues retained,NA,NA,"C16 trial, Block 1, No till, Early planting, Residues retained",,
Sommer et al. 2014,10.4236/ojss.2014.43015,C16 trial,Block 2,Conventional tillage,Late planting,Residues partly removed,NA,NA,"C16 trial, Block 2, Conventional tillage, Late planting, Residues partly removed",,
Sommer et al. 2014,10.4236/ojss.2014.43015,C16 trial,Block 2,No till,Early planting,Residues retained,NA,NA,"C16 trial, Block 2, No till, Early planting, Residues retained",,
Sommer et al. 2014,10.4236/ojss.2014.43015,C16 trial,Block 3,Conventional tillage,Late planting,Residues partly removed,NA,NA,"C16 trial, Block 3, Conventional tillage, Late planting, Residues partly removed",,
Sommer et al. 2014,10.4236/ojss.2014.43015,C16 trial,Block 3,No till,Early planting,Residues retained,NA,NA,"C16 trial, Block 3, No till, Early planting, Residues retained",,
Olson et al. 2010,10.1097/SS.0b013e3181cf7959,no cover crop,moldboard plow tillage,no cc rotation,,,,,"no cover crop, moldboard plow tillage, no cc rotation",1,1
Olson et al. 2010,10.1097/SS.0b013e3181cf7959,hairy vetch cc,moldboard plow tillage,rotation,,,,,"hairy vetch cc, moldboard plow tillage, rotation",2,
Olson et al. 2010,10.1097/SS.0b013e3181cf7959,no cover crop,chisel plow tillage,no cc rotation,,,,,"no cover crop, chisel plow tillage, no cc rotation",1,1
Olson et al. 2010,10.1097/SS.0b013e3181cf7959,hairy vetch cc,chisel plow tillage,rotation,,,,,"hairy vetch cc, chisel plow tillage, rotation",3,
Olson et al. 2010,10.1097/SS.0b013e3181cf7959,no cover crop,no tillage,no cc rotation,,,,,"no cover crop, no tillage, no cc rotation",4,
Olson et al. 2010,10.1097/SS.0b013e3181cf7959,hairy vetch cc,no tillage,rotation,,,,,"hairy vetch cc, no tillage, rotation",5,
Olson et al. 2010,10.1097/SS.0b013e3181cf7959,winter rye cc,moldboard plow tillage,rotation,,,,,"winter rye cc, moldboard plow tillage, rotation",6,
Olson et al. 2010,10.1097/SS.0b013e3181cf7959,winter rye cc,chisel plow tillage,rotation,,,,,"winter rye cc, chisel plow tillage, rotation",7,
Olson et al. 2010,10.1097/SS.0b013e3181cf7959,winter rye cc,no tillage,rotation,,,,,"winter rye cc, no tillage, rotation",8,
Kaspar et al. 2006,10.2136/sssaj2005.0095,no cover crop,no tillage,rotation,,,,,"no cover crop, no tillage, rotation",1,1
Kaspar et al. 2006,10.2136/sssaj2005.0095,oat-rye cc,no tillage,rotation,,,,,"oat-rye cc, no tillage, rotation",2,
Kaspar et al. 2006,10.2136/sssaj2005.0095,oat cc,no tillage,rotation,,,,,"oat cc, no tillage, rotation",3,
Kaspar et al. 2006,10.2136/sssaj2005.0095,rye cc,no tillage,rotation,,,,,"rye cc, no tillage, rotation",4,
Al-Kaisi et al. 2005,10.1016/j.agee.2004.08.002,2-tillage experiment,no tillage,rotation,CNW association,,, ,"2-tillage experiment, no tillage, rotation, CNW association",2,
Al-Kaisi et al. 2005,10.1016/j.agee.2004.08.002,2-tillage experiment,chisel plow tillage,rotation,CNW association,,,,"2-tillage experiment, chisel plow tillage, rotation, CNW association",1,1
Al-Kaisi et al. 2005,10.1016/j.agee.2004.08.002,2-tillage experiment,no tillage,rotation,GPS association,,,,"2-tillage experiment, no tillage, rotation, GPS association",2,
Al-Kaisi et al. 2005,10.1016/j.agee.2004.08.002,2-tillage experiment,chisel plow tillage,rotation,GPS association,,,,"2-tillage experiment, chisel plow tillage, rotation, GPS association",1,1
Al-Kaisi et al. 2005,10.1016/j.agee.2004.08.002,2-tillage experiment,no tillage,rotation,KFC association,,,,"2-tillage experiment, no tillage, rotation, KFC association",2,
Al-Kaisi et al. 2005,10.1016/j.agee.2004.08.002,2-tillage experiment,chisel plow tillage,rotation,KFC association,,,,"2-tillage experiment, chisel plow tillage, rotation, KFC association",1,1
Al-Kaisi et al. 2005,10.1016/j.agee.2004.08.002,2-tillage experiment,no tillage,rotation,M association,,,,"2-tillage experiment, no tillage, rotation, M association",2,
Al-Kaisi et al. 2005,10.1016/j.agee.2004.08.002,2-tillage experiment,chisel plow tillage,rotation,M association,,,,"2-tillage experiment, chisel plow tillage, rotation, M association",1,1
Al-Kaisi et al. 2005,10.1016/j.agee.2004.08.002,2-tillage experiment,no tillage,rotation,OMT association,,,,"2-tillage experiment, no tillage, rotation, OMT association",2,
Al-Kaisi et al. 2005,10.1016/j.agee.2004.08.002,2-tillage experiment,chisel plow tillage,rotation,OMT association,,,,"2-tillage experiment, chisel plow tillage, rotation, OMT association",1,1
Al-Kaisi et al. 2005,10.1016/j.agee.2004.08.002,5-tillage experiment,no tillage,rotation,CNW association,,,,"5-tillage experiment, no tillage, rotation, CNW association",2,
Al-Kaisi et al. 2005,10.1016/j.agee.2004.08.002,5-tillage experiment,chisel plow tillage,rotation,CNW association,,,,"5-tillage experiment, chisel plow tillage, rotation, CNW association",1,1
Al-Kaisi et al. 2005,10.1016/j.agee.2004.08.002,5-tillage experiment,strip tillage,rotation,CNW association,,,,"5-tillage experiment, strip tillage, rotation, CNW association",2,
Al-Kaisi et al. 2005,10.1016/j.agee.2004.08.002,5-tillage experiment,deep ripping,rotation,CNW association,,,,"5-tillage experiment, deep ripping, rotation, CNW association",1,1
Al-Kaisi et al. 2005,10.1016/j.agee.2004.08.002,5-tillage experiment,moldboard plow tillage,rotation,CNW association,,,,"5-tillage experiment, moldboard plow tillage, rotation, CNW association",1,1
Campbell et al. 2007,10.4141/S06-018,no irrigation,32.5 kg N ha-1,9.6 kg P ha -1,,,,,"no irrigation, 32.5 kg N ha-1, 9.6 kg P ha -1",,
Campbell et al. 2007,10.4141/S06-018,no irrigation,46.5 kg N ha-1,9.6 kg P ha -1,,,,,"no irrigation, 46.5 kg N ha-1, 9.6 kg P ha -1",,
Datta et al. 2010,10.1002/jpln.200900010,irrigation,0 kg N ha-1,26 kg P ha-1,,,,,"irrigation, 0 kg N ha-1, 26 kg P ha-1",,
Datta et al. 2010,10.1002/jpln.200900010,irrigation,120 kg N ha-1,26 kg P ha-1,,,,,"irrigation, 120 kg N ha-1, 26 kg P ha-1",,
Datta et al. 2010,10.1002/jpln.200900010,irrigation,180 kg N ha-1,26 kg P ha-1,,,,,"irrigation, 180 kg N ha-1, 26 kg P ha-1",,
Yang et al. 2015,10.1016/j.still.2014.06.011,irrigation,0 kg N ha-1,0 kg P ha-1,,,,,"irrigation, 0 kg N ha-1, 0 kg P ha-1",,
Yang et al. 2015,10.1016/j.still.2014.06.011,irrigation,90 kg N ha-1,26.184 kg P ha-1,,,,,"irrigation, 90 kg N ha-1, 26.184 kg P ha-1",,
Yang et al. 2015,10.1016/j.still.2014.06.011,irrigation,180 kg N ha-1,52.368 kg P ha-1,,,,,"irrigation, 180 kg N ha-1, 52.368 kg P ha-1",,
Yang et al. 2015,10.1016/j.still.2014.06.011,irrigation,360 kg N ha-1,104.736 kg P ha-1,,,,,"irrigation, 360 kg N ha-1, 104.736 kg P ha-1",,
Zhang et al. 2009,10.1007/s10705-008-9226-7,no irrigation,0 kg N ha-1,0 kg P ha-1,,,,,"no irrigation, 0 kg N ha-1, 0 kg P ha-1",1,1
Zhang et al. 2009,10.1007/s10705-008-9226-7,no irrigation,210 kg N ha-1,37 kg P ha-1,,,,,"no irrigation, 210 kg N ha-1, 37 kg P ha-1",4,
Zhang et al. 2009,10.1007/s10705-008-9226-7,no irrigation,0 kg N ha-1,16 kg P ha-1,,,,,"no irrigation, 0 kg N ha-1, 16 kg P ha-1",2,
Zhang et al. 2009,10.1007/s10705-008-9226-7,no irrigation,90 kg N ha-1,16 kg P ha-1,,,,,"no irrigation, 90 kg N ha-1, 16 kg P ha-1",3,
Carter and Sanderson 2001,10.1016/S0167-1987(01)00224-0,2-year rotation,Moldboard plow,,,,,,"2-year rotation, Moldboard plow",1,1
Carter and Sanderson 2001,10.1016/S0167-1987(01)00224-0,2-year rotation,Chisel plow,,,,,,"2-year rotation, Chisel plow",1,1
Carter and Sanderson 2001,10.1016/S0167-1987(01)00224-0,3-year rotation,Moldboard plow,,,,,,"3-year rotation, Moldboard plow",2,
Carter and Sanderson 2001,10.1016/S0167-1987(01)00224-0,3-year rotation,Chisel plow,,,,,,"3-year rotation, Chisel plow",3,