Paper,DOI,Corresponding soil paper,Treatment_1,Treatment_2,Treatment_3,Treatment_4,Treatment_5,Treatment_6,Treatment_7,Trt.combo,Trt.code,Control
Huang et al. 2015,10.1002/ece3.1420,Huang et al. 2015,Conventional tillage,Urea (225 kg N ha-1),NA,NA,NA,NA,NA,"Conventional tillage, Urea (225 kg N ha-1)",,
Huang et al. 2015,10.1002/ece3.1420,Huang et al. 2015,No till,Urea (225 kg N ha-1),NA,NA,NA,NA,NA,"No till, Urea (225 kg N ha-1)",,
Huang et al. 2015,10.1002/ece3.1420,Huang et al. 2015,Conventional tillage,Urea (180 kg N ha-1) and wheat straw (45 kg N ha-1),NA,NA,NA,NA,NA,"Conventional tillage, Urea (180 kg N ha-1) and wheat straw (45 kg N ha-1)",,
Huang et al. 2015,10.1002/ece3.1420,Huang et al. 2015,No till,Urea (180 kg N ha-1) and wheat straw (45 kg N ha-1),NA,NA,NA,NA,NA,"No till, Urea (180 kg N ha-1) and wheat straw (45 kg N ha-1)",,
Huang et al. 2015,10.1002/ece3.1420,Huang et al. 2015,Conventional tillage,Urea (180 kg N ha-1) and poultry manure (45 kg N ha-1),NA,NA,NA,NA,NA,"Conventional tillage, Urea (180 kg N ha-1) and poultry manure (45 kg N ha-1)",,
Huang et al. 2015,10.1002/ece3.1420,Huang et al. 2015,No till,Urea (180 kg N ha-1) and poultry manure (45 kg N ha-1),NA,NA,NA,NA,NA,"No till, Urea (180 kg N ha-1) and poultry manure (45 kg N ha-1)",,
Huang et al. 2015,10.1002/ece3.1420,Huang et al. 2015,Conventional tillage,Urea (270 kg N ha-1),NA,NA,NA,NA,NA,"Conventional tillage, Urea (270 kg N ha-1)",,
Huang et al. 2015,10.1002/ece3.1420,Huang et al. 2015,No till,Urea (270 kg N ha-1),NA,NA,NA,NA,NA,"No till, Urea (270 kg N ha-1)",,
Huang et al. 2015,10.1002/ece3.1420,Huang et al. 2015,Conventional tillage,Urea (180 kg N ha-1) and wheat straw (90 kg N ha-1),NA,NA,NA,NA,NA,"Conventional tillage, Urea (180 kg N ha-1) and wheat straw (90 kg N ha-1)",,
Huang et al. 2015,10.1002/ece3.1420,Huang et al. 2015,No till,Urea (180 kg N ha-1) and wheat straw (90 kg N ha-1),NA,NA,NA,NA,NA,"No till, Urea (180 kg N ha-1) and wheat straw (90 kg N ha-1)",,
Huang et al. 2015,10.1002/ece3.1420,Huang et al. 2015,Conventional tillage,Urea (180 kg N ha-1) and poultry manure (90 kg N ha-1),NA,NA,NA,NA,NA,"Conventional tillage, Urea (180 kg N ha-1) and poultry manure (90 kg N ha-1)",,
Huang et al. 2015,10.1002/ece3.1420,Huang et al. 2015,No till,Urea (180 kg N ha-1) and poultry manure (90 kg N ha-1),NA,NA,NA,NA,NA,"No till, Urea (180 kg N ha-1) and poultry manure (90 kg N ha-1)",,
Yang et al. 2011,10.1002/jpln.201000134,Yang et al. 2011,Control treatment,NA,NA,NA,NA,NA,NA,Control treatment,1,1
Yang et al. 2011,10.1002/jpln.201000134,Yang et al. 2011,"Applications of mineral N, P, and K fertilizers",NA,NA,NA,NA,NA,NA,"Applications of mineral N, P, and K fertilizers",2,
Yang et al. 2011,10.1002/jpln.201000134,Yang et al. 2011,Applications of dairy manure plus NPK fertilizers,NA,NA,NA,NA,NA,NA,Applications of dairy manure plus NPK fertilizers,3,
Regmi et al. 2002,10.1007/s00374-002-0525-x,Regmi et al. 2002,100 kg N ha-1,NA,NA,NA,NA,NA,NA,100 kg N ha-1,1,
Regmi et al. 2002,10.1007/s00374-002-0525-x,Regmi et al. 2002,100 kg N ha-1,26 kg P ha-1,NA,NA,NA,NA,NA,"100 kg N ha-1, 26 kg P ha-1",2,
Regmi et al. 2002,10.1007/s00374-002-0525-x,Regmi et al. 2002,100 kg N ha-1,23 kg N ha-1 green manure,NA,NA,NA,NA,NA,"100 kg N ha-1, 23 kg N ha-1 green manure",3,
Regmi et al. 2002,10.1007/s00374-002-0525-x,Regmi et al. 2002,100 kg N ha-1,42 kg N ha-1 green manure,26 kg P ha-1,NA,NA,NA,NA,"100 kg N ha-1, 42 kg N ha-1 green manure, 26 kg P ha-1",4,
Regmi et al. 2002,10.1007/s00374-002-0525-x,Regmi et al. 2002,100 kg N ha-1,26 kg P ha-1,26 kg P ha-1,NA,NA,NA,NA,"100 kg N ha-1, 26 kg P ha-1, 26 kg P ha-1",2,
Regmi et al. 2002,10.1007/s00374-002-0525-x,Regmi et al. 2002,100 kg N ha-1,80 kg N ha-1 farmyard manure,26 kg P ha-1,NA,NA,NA,NA,"100 kg N ha-1, 80 kg N ha-1 farmyard manure, 26 kg P ha-1",5,
Regmi et al. 2002,10.1007/s00374-002-0525-x,Regmi et al. 2002,0 kg K ha-1,80 kg N ha-1 farmyard manure,26 kg P ha-1,NA,NA,NA,NA,"0 kg K ha-1, 80 kg N ha-1 farmyard manure, 26 kg P ha-1",,
Regmi et al. 2002,10.1007/s00374-002-0525-x,Regmi et al. 2002,42 kg K ha-1,80 kg N ha-1 farmyard manure,26 kg P ha-1,NA,NA,NA,NA,"42 kg K ha-1, 80 kg N ha-1 farmyard manure, 26 kg P ha-1",,
Regmi et al. 2002,10.1007/s00374-002-0525-x,Regmi et al. 2002,84 kg K ha-1,80 kg N ha-1 farmyard manure,26 kg P ha-1,NA,NA,NA,NA,"84 kg K ha-1, 80 kg N ha-1 farmyard manure, 26 kg P ha-1",,
Gao et al. 2015,10.1007/s10705-015-9720-7,Gao et al. 2015,No fertilization,NA,NA,NA,NA,NA,NA,No fertilization,1,1
Gao et al. 2015,10.1007/s10705-015-9720-7,Gao et al. 2015,Inorganic N,NA,NA,NA,NA,NA,NA,Inorganic N,2,
Gao et al. 2015,10.1007/s10705-015-9720-7,Gao et al. 2015,Inorganic N and P combination,NA,NA,NA,NA,NA,NA,Inorganic N and P combination,3,
Gao et al. 2015,10.1007/s10705-015-9720-7,Gao et al. 2015,"Inorganic N, P, and K combination",NA,NA,NA,NA,NA,NA,"Inorganic N, P, and K combination",4,
Gao et al. 2015,10.1007/s10705-015-9720-7,Gao et al. 2015,Inorganic N and organic manure combination,NA,NA,NA,NA,NA,NA,Inorganic N and organic manure combination,5,
Gao et al. 2015,10.1007/s10705-015-9720-7,Gao et al. 2015,Inorganic N and straw combination,NA,NA,NA,NA,NA,NA,Inorganic N and straw combination,6,
Yan and Gong 2010,10.1007/s11104-009-0268-7,Yan and Gong 2010,"Organic fertilizer equivalent to 150 kg N ha-1, PK",NA,NA,NA,NA,NA,NA,"Organic fertilizer equivalent to 150 kg N ha-1, PK",1,
Yan and Gong 2010,10.1007/s11104-009-0268-7,Yan and Gong 2010,"Half organic fertilizer, half NPK fertilizer",NA,NA,NA,NA,NA,NA,"Half organic fertilizer, half NPK fertilizer",2,
Yan and Gong 2010,10.1007/s11104-009-0268-7,Yan and Gong 2010,NPK fertilizer,NA,NA,NA,NA,NA,NA,NPK fertilizer,3,
Yan and Gong 2010,10.1007/s11104-009-0268-7,Yan and Gong 2010,NP fertilizer,NA,NA,NA,NA,NA,NA,NP fertilizer,4,
Verhulst et al. 2011,10.1007/s11104-011-0728-8,Fuentes et al. 2012,No till,Keep all residue,NA,NA,NA,NA,NA,"No till, Keep all residue",,
Verhulst et al. 2011,10.1007/s11104-011-0728-8,Fuentes et al. 2012,No till,Keep all maize residue and 25 cm wheat stubble,NA,NA,NA,NA,NA,"No till, Keep all maize residue and 25 cm wheat stubble",,
Verhulst et al. 2011,10.1007/s11104-011-0728-8,Fuentes et al. 2012,No till,Keep maize stubble until below ear and 25 cm wheat stubble,NA,NA,NA,NA,NA,"No till, Keep maize stubble until below ear and 25 cm wheat stubble",,
Verhulst et al. 2011,10.1007/s11104-011-0728-8,Fuentes et al. 2012,No till,Remove all residue,NA,NA,NA,NA,NA,"No till, Remove all residue",,
Verhulst et al. 2011,10.1007/s11104-011-0728-8,Fuentes et al. 2012,Conventional tillage,Keep all residue,NA,NA,NA,NA,NA,"Conventional tillage, Keep all residue",,
Verhulst et al. 2011,10.1007/s11104-011-0728-8,Fuentes et al. 2012,Conventional tillage,Remove all residue,NA,NA,NA,NA,NA,"Conventional tillage, Remove all residue",,
Giambalvo et al. 2011,10.1007/s11104-012-1224-5,Laudicina et al. 2015,Conventional tillage,NA,NA,NA,NA,NA,NA,Conventional tillage,1,1
Giambalvo et al. 2011,10.1007/s11104-012-1224-5,Laudicina et al. 2015,Reduced tillage,NA,NA,NA,NA,NA,NA,Reduced tillage,2,
Giambalvo et al. 2011,10.1007/s11104-012-1224-5,Laudicina et al. 2015,No till,NA,NA,NA,NA,NA,NA,No till,3,
Ma et al. 2015,10.1016/j.agwat.2014.11.011,Ma et al. 2015,Plowing tillage 6 years,NA,NA,NA,NA,NA,NA,Plowing tillage 6 years,,
Ma et al. 2015,10.1016/j.agwat.2014.11.011,Ma et al. 2015,Rotary tillage 6 years,NA,NA,NA,NA,NA,NA,Rotary tillage 6 years,,
Ma et al. 2015,10.1016/j.agwat.2014.11.011,Ma et al. 2015,Rotary tillage after subsoiling with an interval of two years,NA,NA,NA,NA,NA,NA,Rotary tillage after subsoiling with an interval of two years,,
Ma et al. 2015,10.1016/j.agwat.2014.11.011,Ma et al. 2015,Rotary tillage after subsoiling for the first and fourth years; rotary without subsoiling for other years,NA,NA,NA,NA,NA,NA,Rotary tillage after subsoiling for the first and fourth years; rotary without subsoiling for other years,,
Ma et al. 2015,10.1016/j.agwat.2014.11.011,Ma et al. 2015,Rotary tillage after subsoiling for first and fifth years; rotary without soiling for other years,NA,NA,NA,NA,NA,NA,Rotary tillage after subsoiling for first and fifth years; rotary without soiling for other years,,
Ma et al. 2015,10.1016/j.agwat.2014.11.011,Ma et al. 2015,Rotary after subsoiling for the fist and sixth years; rotary without subsoiling for other years,NA,NA,NA,NA,NA,NA,Rotary after subsoiling for the fist and sixth years; rotary without subsoiling for other years,,
Gabriel and Quemada 2011,10.1016/j.eja.2010.11.006,Gabriel and Quemada 2011,NA,NA,NA,NA,NA,NA,NA,NA,,
Gabriel and Quemada 2011,10.1016/j.eja.2010.11.006,Gabriel and Quemada 2011,Vetch cover crop,NA,NA,NA,NA,NA,NA,Vetch cover crop,,
Gabriel and Quemada 2011,10.1016/j.eja.2010.11.006,Gabriel and Quemada 2011,Barley cover crop,NA,NA,NA,NA,NA,NA,Barley cover crop,,
Gabriel and Quemada 2011,10.1016/j.eja.2010.11.006,Gabriel and Quemada 2011,No cover crop,NA,NA,NA,NA,NA,NA,No cover crop,,
L√≥pez-Bellido et al. 2011,10.1016/j.eja.2011.01.005,Melero et al. 2011,No till,NA,NA,NA,NA,NA,NA,No till,2,
L√≥pez-Bellido et al. 2011,10.1016/j.eja.2011.01.005,Melero et al. 2011,Conventional tillage,NA,NA,NA,NA,NA,NA,Conventional tillage,1,1
Gabriel et al. 2016,10.1016/j.eja.2016.04.015,Gabriel et al. 2012,NA,NA,NA,NA,NA,NA,NA,NA,,
Gabriel et al. 2016,10.1016/j.eja.2016.04.015,Sanz-Cobena et al. 2014,NA,NA,NA,NA,NA,NA,NA,NA,,
Gabriel et al. 2016,10.1016/j.eja.2016.04.015,Sanz-Cobena et al. 2014,Vetch cover crop,NA,NA,NA,NA,NA,NA,Vetch cover crop,,
Gabriel et al. 2016,10.1016/j.eja.2016.04.015,Sanz-Cobena et al. 2014,Barley cover crop,NA,NA,NA,NA,NA,NA,Barley cover crop,,
Gabriel et al. 2016,10.1016/j.eja.2016.04.015,Sanz-Cobena et al. 2014,No cover crop,NA,NA,NA,NA,NA,NA,No cover crop,,
Verhulst et al. 2011,10.1016/j.fcr.2011.07.002,Verhulst et al. 2011,Conventionally tilled raised beds,Wheat and maize residues incorporated,NA,NA,NA,NA,NA,"Conventionally tilled raised beds, Wheat and maize residues incorporated",1,1
Verhulst et al. 2011,10.1016/j.fcr.2011.07.002,Verhulst et al. 2011,Permanent raised beds (no till),Wheat and maize residues burned,NA,NA,NA,NA,NA,"Permanent raised beds (no till), Wheat and maize residues burned",2,
Verhulst et al. 2011,10.1016/j.fcr.2011.07.002,Verhulst et al. 2011,Permanent raised beds (no till),Wheat and maize residues removed,NA,NA,NA,NA,NA,"Permanent raised beds (no till), Wheat and maize residues removed",3,
Verhulst et al. 2011,10.1016/j.fcr.2011.07.002,Verhulst et al. 2011,Permanent raised beds (no till),"Maize residues removed, wheat straw retained on soil surface",NA,NA,NA,NA,NA,"Permanent raised beds (no till), Maize residues removed, wheat straw retained on soil surface",4,
Verhulst et al. 2011,10.1016/j.fcr.2011.07.002,Verhulst et al. 2011,Permanent raised beds (no till),Maize and wheat residues retained on soil surface,NA,NA,NA,NA,NA,"Permanent raised beds (no till), Maize and wheat residues retained on soil surface",5,
Messiga et al. 2012,10.1016/j.fcr.2012.03.009,Messiga et al. 2011,Moldboard plow,NA,NA,NA,NA,NA,NA,Moldboard plow,1,1
Messiga et al. 2012,10.1016/j.fcr.2012.03.009,Messiga et al. 2011,No till,NA,NA,NA,NA,NA,NA,No till,2,
Messiga et al. 2012,10.1016/j.fcr.2012.03.009,Messiga et al. 2011,0 kg P ha-1,NA,NA,NA,NA,NA,NA,0 kg P ha-1,,
Messiga et al. 2012,10.1016/j.fcr.2012.03.009,Messiga et al. 2011,17.5 kg P ha-1,NA,NA,NA,NA,NA,NA,17.5 kg P ha-1,,
Messiga et al. 2012,10.1016/j.fcr.2012.03.009,Messiga et al. 2011,35 kg P ha-1,NA,NA,NA,NA,NA,NA,35 kg P ha-1,,
Messiga et al. 2012,10.1016/j.fcr.2012.03.009,Messiga et al. 2011,0 kg N ha-1,NA,NA,NA,NA,NA,NA,0 kg N ha-1,,
Messiga et al. 2012,10.1016/j.fcr.2012.03.009,Messiga et al. 2011,80 kg N ha-1,NA,NA,NA,NA,NA,NA,80 kg N ha-1,,
Messiga et al. 2012,10.1016/j.fcr.2012.03.009,Messiga et al. 2011,160 kg N ha-1,NA,NA,NA,NA,NA,NA,160 kg N ha-1,,
Jat et al. 2014,10.1016/j.fcr.2014.04.015,Jat et al. 2014,"3 passes of dry tillage with harrow, 2 passes of cultivator in ponded water, followed by 1 planking","Manually transplanted crop establishment, random geometry",All residue removed,NA,NA,NA,NA,"3 passes of dry tillage with harrow, 2 passes of cultivator in ponded water, followed by 1 planking, Manually transplanted crop establishment, random geometry, All residue removed",,
Jat et al. 2014,10.1016/j.fcr.2014.04.015,Jat et al. 2014,"3 passes of dry tillage with harrow, 2 passes of cultivateor in ponded water, followed by 1 planking","Manually transplanted crop establishment, random geometry",All reisdue removed,NA,NA,NA,NA,"3 passes of dry tillage with harrow, 2 passes of cultivateor in ponded water, followed by 1 planking, Manually transplanted crop establishment, random geometry, All reisdue removed",,
Jat et al. 2014,10.1016/j.fcr.2014.04.015,Jat et al. 2014,Zero till,Direct dry seeding on permanent beds,50% rice residue retained in wheat cycle,NA,NA,NA,NA,"Zero till, Direct dry seeding on permanent beds, 50% rice residue retained in wheat cycle",,
Jat et al. 2014,10.1016/j.fcr.2014.04.015,Jat et al. 2014,Zero till,"Direct dry seeding on flat soil, row geometry",All residue removed,NA,NA,NA,NA,"Zero till, Direct dry seeding on flat soil, row geometry, All residue removed",,
Jat et al. 2014,10.1016/j.fcr.2014.04.015,Jat et al. 2014,Zero till,"Direct dry seeding on flat soil, row geometry",50% rice residue retained in wheat cycle,NA,NA,NA,NA,"Zero till, Direct dry seeding on flat soil, row geometry, 50% rice residue retained in wheat cycle",,
Jat et al. 2014,10.1016/j.fcr.2014.04.015,Jat et al. 2014,"3 passes of harrow, 1 pass of cultivator, followed by 1 planking","Broadcasting crop establishment, random geometry",All residue removed,NA,NA,NA,NA,"3 passes of harrow, 1 pass of cultivator, followed by 1 planking, Broadcasting crop establishment, random geometry, All residue removed",,
Jat et al. 2014,10.1016/j.fcr.2014.04.015,Jat et al. 2014,Zero till,Direct drilling on flat soil and row geometry,All residue removed,NA,NA,NA,NA,"Zero till, Direct drilling on flat soil and row geometry, All residue removed",,
Jat et al. 2014,10.1016/j.fcr.2014.04.015,Jat et al. 2014,Zero till and reshaping of beds,Direct drilling on permanent beds,25% wheat residues retained in rice cycle,NA,NA,NA,NA,"Zero till and reshaping of beds, Direct drilling on permanent beds, 25% wheat residues retained in rice cycle",,
Jat et al. 2014,10.1016/j.fcr.2014.04.015,Jat et al. 2014,"2 passes of harrow, 1 pass of cultivator, followed by 1 planking","Broadcasting crop establishment, random geometry",All residue removed,NA,NA,NA,NA,"2 passes of harrow, 1 pass of cultivator, followed by 1 planking, Broadcasting crop establishment, random geometry, All residue removed",,
Jat et al. 2014,10.1016/j.fcr.2014.04.015,Jat et al. 2014,Zero till,Direct drilling on flat soil and row geometry,25% wheat residues retained in rice cycle,NA,NA,NA,NA,"Zero till, Direct drilling on flat soil and row geometry, 25% wheat residues retained in rice cycle",,
Hernanz et al. 2014,10.1016/j.fcr.2014.06.013,Hernanz et al. 2009,Conventional tillage,NA,NA,NA,NA,NA,NA,Conventional tillage,1,1
Hernanz et al. 2014,10.1016/j.fcr.2014.06.013,Hernanz et al. 2009,Minimum tillage,NA,NA,NA,NA,NA,NA,Minimum tillage,2,
Hernanz et al. 2014,10.1016/j.fcr.2014.06.013,Hernanz et al. 2009,No till,NA,NA,NA,NA,NA,NA,No till,3,
Piggin et al. 2015,10.1016/j.fcr.2014.12.014,Sommer et al. 2014,Conventional tillage,NA,NA,NA,NA,NA,NA,Conventional tillage,,
Piggin et al. 2015,10.1016/j.fcr.2014.12.014,Sommer et al. 2014,Zero till,NA,NA,NA,NA,NA,NA,Zero till,,
Piggin et al. 2015,10.1016/j.fcr.2014.12.014,Sommer et al. 2014,Conventional tillage,Early crop sowing,NA,NA,NA,NA,NA,"Conventional tillage, Early crop sowing",,
Piggin et al. 2015,10.1016/j.fcr.2014.12.014,Sommer et al. 2014,Conventional tillage,Late crop sowing,NA,NA,NA,NA,NA,"Conventional tillage, Late crop sowing",,
Piggin et al. 2015,10.1016/j.fcr.2014.12.014,Sommer et al. 2014,Zero till,Early crop sowing,NA,NA,NA,NA,NA,"Zero till, Early crop sowing",,
Piggin et al. 2015,10.1016/j.fcr.2014.12.014,Sommer et al. 2014,Zero till,Late crop sowing,NA,NA,NA,NA,NA,"Zero till, Late crop sowing",,
Lampurlan√©s et al. 2016,10.1016/j.fcr.2016.02.010,Lampurlan√©s et al. 2016,No till,NA,NA,NA,NA,NA,NA,No till,,
Zhang et al. 2016,10.1016/j.geoderma.2015.11.027,Zhang et al. 2016,NPK fertilizer,NA,NA,NA,NA,NA,NA,NPK fertilizer,2,
Zhang et al. 2016,10.1016/j.geoderma.2015.11.027,Zhang et al. 2016,Control,NA,NA,NA,NA,NA,NA,Control,1,1
Zhang et al. 2016,10.1016/j.geoderma.2015.11.027,Zhang et al. 2016,NPK plus manure fertilizer,NA,NA,NA,NA,NA,NA,NPK plus manure fertilizer,3,
Zhang et al. 2016,10.1016/j.geoderma.2015.11.027,Zhang et al. 2016,1.5x NPK fertilizer plus manure,NA,NA,NA,NA,NA,NA,1.5x NPK fertilizer plus manure,4,
Zhang et al. 2016,10.1016/j.geoderma.2015.11.027,Zhang et al. 2016,NPK fertilizer plus straw return,NA,NA,NA,NA,NA,NA,NPK fertilizer plus straw return,5,
Carter 2005,10.1016/j.still.2004.05.002,Carter 1992,Mouldboard plow,NA,NA,NA,NA,NA,NA,Mouldboard plow,,
Carter 2005,10.1016/j.still.2004.05.002,Carter 1996,Mouldboard plow,NA,NA,NA,NA,NA,NA,Mouldboard plow,1,1
Carter 2005,10.1016/j.still.2004.05.002,Carter 1996,Shallow till,NA,NA,NA,NA,NA,NA,Shallow till,2,
Carter 2005,10.1016/j.still.2004.05.002,Carter 1996,Direct drill,NA,NA,NA,NA,NA,NA,Direct drill,,
Carter 2005,10.1016/j.still.2004.05.002,Carter 1996,Spring mouldboard plow,NA,NA,NA,NA,NA,NA,Spring mouldboard plow,1,1
Carter 2005,10.1016/j.still.2004.05.002,Carter 1996,Spring mouldboard plow,Furrow press,NA,NA,NA,NA,NA,"Spring mouldboard plow, Furrow press",1,1
Carter 2005,10.1016/j.still.2004.05.002,Carter 1996,Spring chisel plow,Furrow press,NA,NA,NA,NA,NA,"Spring chisel plow, Furrow press",2,
Carter 2005,10.1016/j.still.2004.05.002,Carter 1996,Fall mouldboard plow,Furrow press,NA,NA,NA,NA,NA,"Fall mouldboard plow, Furrow press",1,1
Carter 2005,10.1016/j.still.2004.05.002,Carter 1996,Fall chisel plow,Furrow press,NA,NA,NA,NA,NA,"Fall chisel plow, Furrow press",2,
Jin et al. 2007,10.1016/j.still.2007.05.002,Jin et al. 2007,Conventional tillage,NA,NA,NA,NA,NA,NA,Conventional tillage,1,1
Jin et al. 2007,10.1016/j.still.2007.05.002,Jin et al. 2007,No till,NA,NA,NA,NA,NA,NA,No till,2,
Jin et al. 2007,10.1016/j.still.2007.05.002,Jin et al. 2007,Reduced tillage,NA,NA,NA,NA,NA,NA,Reduced tillage,3,
Jin et al. 2007,10.1016/j.still.2007.05.002,Jin et al. 2007,Subsoiling,NA,NA,NA,NA,NA,NA,Subsoiling,4,
Jin et al. 2007,10.1016/j.still.2007.05.002,Jin et al. 2007,Two-crop rotation per year,NA,NA,NA,NA,NA,NA,Two-crop rotation per year,5,
So et al. 2009,10.1016/j.still.2008.10.017,So et al. 2009,Conventional tillage,NA,NA,NA,NA,NA,NA,Conventional tillage,1,1
So et al. 2009,10.1016/j.still.2008.10.017,So et al. 2009,No till,NA,NA,NA,NA,NA,NA,No till,2,
Boomsma et al. 2010,10.1016/j.still.2009.12.006,Omonode et al. 2006,Maize-soybean rotation,No till,NA,NA,NA,NA,NA,"Maize-soybean rotation, No till",,
Boomsma et al. 2010,10.1016/j.still.2009.12.006,G√°l et al. 2007,Maize-soybean rotation,No till,NA,NA,NA,NA,NA,"Maize-soybean rotation, No till",,
Boomsma et al. 2010,10.1016/j.still.2009.12.006,G√°l et al. 2007,Maize-soybean rotation,Moldboard plow,NA,NA,NA,NA,NA,"Maize-soybean rotation, Moldboard plow",,
Boomsma et al. 2010,10.1016/j.still.2009.12.006,G√°l et al. 2007,Maize-maize rotation,No till,NA,NA,NA,NA,NA,"Maize-maize rotation, No till",,
Boomsma et al. 2010,10.1016/j.still.2009.12.006,G√°l et al. 2007,Maize-maize rotation,Moldboard plow,NA,NA,NA,NA,NA,"Maize-maize rotation, Moldboard plow",,
Senapati et al. 2014,10.1016/j.still.2014.05.009,Senapati et al. 2014,Continuous cotton,Conventional tillage,NA,NA,NA,NA,NA,"Continuous cotton, Conventional tillage",1,1
Senapati et al. 2014,10.1016/j.still.2014.05.009,Senapati et al. 2014,Continuous cotton,Minimum tillage,NA,NA,NA,NA,NA,"Continuous cotton, Minimum tillage",2,
Senapati et al. 2014,10.1016/j.still.2014.05.009,Senapati et al. 2014,Cotton-wheat rotation,Minimum tillage,NA,NA,NA,NA,NA,"Cotton-wheat rotation, Minimum tillage",3,
Tian et al. 2016,10.1016/j.still.2016.06.005,Tian et al. 2016,Hallow tillage,NA,NA,NA,NA,NA,NA,Hallow tillage,1,1
Tian et al. 2016,10.1016/j.still.2016.06.005,Tian et al. 2016,Rotary tillage,NA,NA,NA,NA,NA,NA,Rotary tillage,2,
Tian et al. 2016,10.1016/j.still.2016.06.005,Tian et al. 2016,No till,NA,NA,NA,NA,NA,NA,No till,3,
Tian et al. 2016,10.1016/j.still.2016.06.005,Tian et al. 2016,Hallow tillage-deep tillage conversion,NA,NA,NA,NA,NA,NA,Hallow tillage-deep tillage conversion,4,
Tian et al. 2016,10.1016/j.still.2016.06.005,Tian et al. 2016,Rotary tillage-deep tillage conversion,NA,NA,NA,NA,NA,NA,Rotary tillage-deep tillage conversion,5,
Tian et al. 2016,10.1016/j.still.2016.06.005,Tian et al. 2016,No till-deep tillage conversion,NA,NA,NA,NA,NA,NA,No till-deep tillage conversion,6,
Linden et al. 2000,10.1016/S0167-1987(00)00139-2,Allmaras et al. 2004,Residue harvest,0 kg N ha-1,No till,NA,NA,NA,NA,"Residue harvest, 0 kg N ha-1, No till",1,
Linden et al. 2000,10.1016/S0167-1987(00)00139-2,Allmaras et al. 2004,Residue harvest,0 kg N ha-1,Chisel plow,NA,NA,NA,NA,"Residue harvest, 0 kg N ha-1, Chisel plow",2,
Linden et al. 2000,10.1016/S0167-1987(00)00139-2,Allmaras et al. 2004,Residue harvest,0 kg N ha-1,Moldboard plow,NA,NA,NA,NA,"Residue harvest, 0 kg N ha-1, Moldboard plow",3,1
Linden et al. 2000,10.1016/S0167-1987(00)00139-2,Allmaras et al. 2004,Residue return,0 kg N ha-1,No till,NA,NA,NA,NA,"Residue return, 0 kg N ha-1, No till",4,
Linden et al. 2000,10.1016/S0167-1987(00)00139-2,Allmaras et al. 2004,Residue return,0 kg N ha-1,Chisel plow,NA,NA,NA,NA,"Residue return, 0 kg N ha-1, Chisel plow",5,
Linden et al. 2000,10.1016/S0167-1987(00)00139-2,Allmaras et al. 2004,Residue return,0 kg N ha-1,Moldboard plow,NA,NA,NA,NA,"Residue return, 0 kg N ha-1, Moldboard plow",6,
Linden et al. 2000,10.1016/S0167-1987(00)00139-2,Allmaras et al. 2004,Residue harvest,200 kg N ha-1,No till,NA,NA,NA,NA,"Residue harvest, 200 kg N ha-1, No till",7,
Linden et al. 2000,10.1016/S0167-1987(00)00139-2,Allmaras et al. 2004,Residue harvest,200 kg N ha-1,Chisel plow,NA,NA,NA,NA,"Residue harvest, 200 kg N ha-1, Chisel plow",8,
Linden et al. 2000,10.1016/S0167-1987(00)00139-2,Allmaras et al. 2004,Residue harvest,200 kg N ha-1,Moldboard plow,NA,NA,NA,NA,"Residue harvest, 200 kg N ha-1, Moldboard plow",9,
Linden et al. 2000,10.1016/S0167-1987(00)00139-2,Allmaras et al. 2004,Residue return,200 kg N ha-1,No till,NA,NA,NA,NA,"Residue return, 200 kg N ha-1, No till",10,
Linden et al. 2000,10.1016/S0167-1987(00)00139-2,Allmaras et al. 2004,Residue return,200 kg N ha-1,Chisel plow,NA,NA,NA,NA,"Residue return, 200 kg N ha-1, Chisel plow",11,
Linden et al. 2000,10.1016/S0167-1987(00)00139-2,Allmaras et al. 2004,Residue return,200 kg N ha-1,Moldboard plow,NA,NA,NA,NA,"Residue return, 200 kg N ha-1, Moldboard plow",12,
Pikul et al. 2001,10.1016/S0167-1987(01)00174-X,Pikul et al. 2001,Ridge tillage,NA,NA,NA,NA,NA,NA,Ridge tillage,2,
Pikul et al. 2001,10.1016/S0167-1987(01)00174-X,Pikul et al. 2001,Conventional tillage,NA,NA,NA,NA,NA,NA,Conventional tillage,1,1
Pikul et al. 2001,10.1016/S0167-1987(01)00174-X,Pikul et al. 2001,High N fertilization,NA,NA,NA,NA,NA,NA,High N fertilization,3,
Pikul et al. 2001,10.1016/S0167-1987(01)00174-X,Pikul et al. 2001,Medium N fertilization,NA,NA,NA,NA,NA,NA,Medium N fertilization,4,
Pikul et al. 2001,10.1016/S0167-1987(01)00174-X,Pikul et al. 2001,No fertilization,NA,NA,NA,NA,NA,NA,No fertilization,5,
Turley et al. 2003,10.1016/S0167-1987(03)00018-7,Turley et al. 2003,Boxworth site,Tine/disc cultivation to 15 cm on chopped straw,NA,NA,NA,NA,NA,Tine/disc cultivation to 15 cm on chopped straw,1,
Turley et al. 2003,10.1016/S0167-1987(03)00018-7,Turley et al. 2003,Boxworth site,Plowed to 20 cm on chopped straw,NA,NA,NA,NA,NA,Plowed to 20 cm on chopped straw,2,1
Turley et al. 2003,10.1016/S0167-1987(03)00018-7,Turley et al. 2003,Boxworth site,Straw burned followed by tine/disc cultivation to 10 cm,NA,NA,NA,NA,NA,Straw burned followed by tine/disc cultivation to 10 cm,3,
Turley et al. 2003,10.1016/S0167-1987(03)00018-7,Turley et al. 2003,Drayton site,Tine/disc cultivation to 15 cm on chopped straw,NA,NA,NA,NA,NA,Tine/disc cultivation to 15 cm on chopped straw,1,
Turley et al. 2003,10.1016/S0167-1987(03)00018-7,Turley et al. 2003,Drayton site,Plowed to 20 cm on chopped straw,NA,NA,NA,NA,NA,Plowed to 20 cm on chopped straw,2,1
Turley et al. 2003,10.1016/S0167-1987(03)00018-7,Turley et al. 2003,Drayton site,Straw burned followed by tine/disc cultivation to 10 cm,NA,NA,NA,NA,NA,Straw burned followed by tine/disc cultivation to 10 cm,3,
Turley et al. 2003,10.1016/S0167-1987(03)00018-7,Turley et al. 2003,Rochford site,Tine/disc cultivation to 15 cm on chopped straw,NA,NA,NA,NA,NA,Tine/disc cultivation to 15 cm on chopped straw,1,
Turley et al. 2003,10.1016/S0167-1987(03)00018-7,Turley et al. 2003,Rochford site,Plowed to 20 cm on chopped straw,NA,NA,NA,NA,NA,Plowed to 20 cm on chopped straw,2,1
Turley et al. 2003,10.1016/S0167-1987(03)00018-7,Turley et al. 2003,Rochford site,Straw burned followed by tine/disc cultivation to 10 cm,NA,NA,NA,NA,NA,Straw burned followed by tine/disc cultivation to 10 cm,3,
Turley et al. 2003,10.1016/S0167-1987(03)00018-7,Turley et al. 2003,Bridgets site,Tine/disc cultivation to 15 cm on chopped straw,NA,NA,NA,NA,NA,Tine/disc cultivation to 15 cm on chopped straw,1,
Turley et al. 2003,10.1016/S0167-1987(03)00018-7,Turley et al. 2003,Bridgets site,Plowed to 20 cm on chopped straw,NA,NA,NA,NA,NA,Plowed to 20 cm on chopped straw,2,1
Turley et al. 2003,10.1016/S0167-1987(03)00018-7,Turley et al. 2003,Bridgets site,Straw burned followed by tine/disc cultivation to 10 cm,NA,NA,NA,NA,NA,Straw burned followed by tine/disc cultivation to 10 cm,3,
Turley et al. 2003,10.1016/S0167-1987(03)00018-7,Turley et al. 2003,High Mowthorpe site,Tine/disc cultivation to 15 cm on chopped straw,NA,NA,NA,NA,NA,Tine/disc cultivation to 15 cm on chopped straw,1,
Turley et al. 2003,10.1016/S0167-1987(03)00018-7,Turley et al. 2003,High Mowthorpe site,Plowed to 20 cm on chopped straw,NA,NA,NA,NA,NA,Plowed to 20 cm on chopped straw,2,1
Turley et al. 2003,10.1016/S0167-1987(03)00018-7,Turley et al. 2003,High Mowthorpe site,Straw burned followed by tine/disc cultivation to 10 cm,NA,NA,NA,NA,NA,Straw burned followed by tine/disc cultivation to 10 cm,3,
Turley et al. 2003,10.1016/S0167-1987(03)00018-7,Turley et al. 2003,Terrington site,Tine/disc cultivation to 15 cm on chopped straw,NA,NA,NA,NA,NA,Tine/disc cultivation to 15 cm on chopped straw,1,
Turley et al. 2003,10.1016/S0167-1987(03)00018-7,Turley et al. 2003,Terrington site,Plowed to 20 cm on chopped straw,NA,NA,NA,NA,NA,Plowed to 20 cm on chopped straw,2,1
Turley et al. 2003,10.1016/S0167-1987(03)00018-7,Turley et al. 2003,Terrington site,Straw burned followed by tine/disc cultivation to 10 cm,NA,NA,NA,NA,NA,Straw burned followed by tine/disc cultivation to 10 cm,3,
Van Doren et al. 1977,10.1016/S0167-1987(03)00018-7,Van Doren et al. 1977,Continuous Maize,Conventional tillage,NA,NA,NA,NA,NA,"Continuous Maize, Conventional tillage",1,1
Van Doren et al. 1977,10.1016/S0167-1987(03)00018-7,Van Doren et al. 1977,Continuous Maize,Minimum tillage,NA,NA,NA,NA,NA,"Continuous Maize, Minimum tillage",2,
Van Doren et al. 1977,10.1016/S0167-1987(03)00018-7,Van Doren et al. 1977,Continuous Maize,No till,NA,NA,NA,NA,NA,"Continuous Maize, No till",3,
Van Doren et al. 1977,10.1016/S0167-1987(03)00018-7,Van Doren et al. 1977,Maize-soybean rotation,Conventional tillage,NA,NA,NA,NA,NA,"Maize-soybean rotation, Conventional tillage",4,
Van Doren et al. 1977,10.1016/S0167-1987(03)00018-7,Van Doren et al. 1977,Maize-soybean rotation,Minimum tillage,NA,NA,NA,NA,NA,"Maize-soybean rotation, Minimum tillage",5,
Van Doren et al. 1977,10.1016/S0167-1987(03)00018-7,Van Doren et al. 1977,Maize-soybean rotation,No till,NA,NA,NA,NA,NA,"Maize-soybean rotation, No till",6,
Van Doren et al. 1977,10.1016/S0167-1987(03)00018-7,Van Doren et al. 1977,Maize-oats-hay rotation,Conventional tillage,NA,NA,NA,NA,NA,"Maize-oats-hay rotation, Conventional tillage",7,
Van Doren et al. 1977,10.1016/S0167-1987(03)00018-7,Van Doren et al. 1977,Maize-oats-hay rotation,Minimum tillage,NA,NA,NA,NA,NA,"Maize-oats-hay rotation, Minimum tillage",8,
Van Doren et al. 1977,10.1016/S0167-1987(03)00018-7,Van Doren et al. 1977,Maize-oats-hay rotation,No till,NA,NA,NA,NA,NA,"Maize-oats-hay rotation, No till",9,
Van Doren et al. 1977,10.1016/S0167-1987(03)00018-7,Van Doren et al. 1977,Conventional tillage,No till,NA,NA,NA,NA,NA,"Conventional tillage, No till",,
Van Doren et al. 1977,10.1016/S0167-1987(03)00018-7,Van Doren et al. 1977,Minimum tillage,No till,NA,NA,NA,NA,NA,"Minimum tillage, No till",,
Van Doren et al. 1977,10.1016/S0167-1987(03)00018-7,Van Doren et al. 1977,No till,No till,NA,NA,NA,NA,NA,"No till, No till",,
Ekeberg and Riley 1997,10.1016/S0167-1987(97)00008-1,Ekeberg and Riley 1997,Plough,NA,NA,NA,NA,NA,NA,Plough,1,1
Ekeberg and Riley 1997,10.1016/S0167-1987(97)00008-1,Ekeberg and Riley 1997,Tine 12 cm,NA,NA,NA,NA,NA,NA,Tine 12 cm,2,
Ekeberg and Riley 1997,10.1016/S0167-1987(97)00008-1,Ekeberg and Riley 1997,Tine 6 cm,NA,NA,NA,NA,NA,NA,Tine 6 cm,3,
Ekeberg and Riley 1997,10.1016/S0167-1987(97)00008-1,Ekeberg and Riley 1997,Minimum,NA,NA,NA,NA,NA,NA,Minimum,4,
Karlen et al. 1998,10.1016/S0167-1987(98)00142-1,Karlen et al. 1998,Moldboard plow,NA,NA,NA,NA,NA,NA,Moldboard plow,1,1
Karlen et al. 1998,10.1016/S0167-1987(98)00142-1,Karlen et al. 1998,Chisel plow,NA,NA,NA,NA,NA,NA,Chisel plow,2,
Karlen et al. 1998,10.1016/S0167-1987(98)00142-1,Karlen et al. 1998,Ridge tillage,NA,NA,NA,NA,NA,NA,Ridge tillage,3,
Karlen et al. 1998,10.1016/S0167-1987(98)00142-1,Karlen et al. 1998,No till,NA,NA,NA,NA,NA,NA,No till,4,
Huang et al. 2006,10.1016/S1002-0160(06)60100-8,Huang et al. 2006,Conventional tillage,NA,NA,NA,NA,NA,NA,Conventional tillage,1,1
Huang et al. 2006,10.1016/S1002-0160(06)60100-8,Huang et al. 2006,Ridge tillage,NA,NA,NA,NA,NA,NA,Ridge tillage,2,
Huang et al. 2006,10.1016/S1002-0160(06)60100-8,Huang et al. 2006,Conventional tillage,Rotation of rice and rape,NA,NA,NA,NA,NA,"Conventional tillage, Rotation of rice and rape",,
Huang et al. 2006,10.1016/S1002-0160(06)60100-8,Huang et al. 2006,Ridge tillage,Rotation of rice and rape,NA,NA,NA,NA,NA,"Ridge tillage, Rotation of rice and rape",,
Grace et al. 2013,10.1017/S001447971200124X,Sharma et al. 2005,0 kg N ha-1,NA,NA,NA,NA,NA,NA,0 kg N ha-1,,
Grace et al. 2013,10.1017/S001447971200124X,Sharma et al. 2005,30 kg N ha-1,NA,NA,NA,NA,NA,NA,30 kg N ha-1,,
Grace et al. 2013,10.1017/S001447971200124X,Sharma et al. 2005,60 kg N ha-1,NA,NA,NA,NA,NA,NA,60 kg N ha-1,,
Grace et al. 2013,10.1017/S001447971200124X,Sharma et al. 2005,90 kg N ha-1,NA,NA,NA,NA,NA,NA,90 kg N ha-1,,
Grace et al. 2013,10.1017/S001447971200124X,Sharma et al. 2005,Conventional tillage,NA,NA,NA,NA,NA,NA,Conventional tillage,,
Grace et al. 2013,10.1017/S001447971200124X,Sharma et al. 2005,Conventional tillage,Sorghum stover residue,NA,NA,NA,NA,NA,"Conventional tillage, Sorghum stover residue",,
Grace et al. 2013,10.1017/S001447971200124X,Sharma et al. 2005,Conventional tillage,Gliricidia loppings residue,NA,NA,NA,NA,NA,"Conventional tillage, Gliricidia loppings residue",,
Grace et al. 2013,10.1017/S001447971200124X,Sharma et al. 2005,Conventional tillage,No residue,NA,NA,NA,NA,NA,"Conventional tillage, No residue",,
Grace et al. 2013,10.1017/S001447971200124X,Sharma et al. 2005,Conventional tillage,0 kg N ha-1,NA,NA,NA,NA,NA,"Conventional tillage, 0 kg N ha-1",,
Grace et al. 2013,10.1017/S001447971200124X,Sharma et al. 2005,Conventional tillage,30 kg N ha-1,NA,NA,NA,NA,NA,"Conventional tillage, 30 kg N ha-1",,
Grace et al. 2013,10.1017/S001447971200124X,Sharma et al. 2005,Conventional tillage,60 kg N ha-1,NA,NA,NA,NA,NA,"Conventional tillage, 60 kg N ha-1",,
Grace et al. 2013,10.1017/S001447971200124X,Sharma et al. 2005,Conventional tillage,90 kg N ha-1,NA,NA,NA,NA,NA,"Conventional tillage, 90 kg N ha-1",,
Grace et al. 2013,10.1017/S001447971200124X,Sharma et al. 2005,Gliricidia loppings residue,NA,NA,NA,NA,NA,NA,Gliricidia loppings residue,,
Grace et al. 2013,10.1017/S001447971200124X,Sharma et al. 2005,Minimum tillage,NA,NA,NA,NA,NA,NA,Minimum tillage,,
Grace et al. 2013,10.1017/S001447971200124X,Sharma et al. 2005,Minimum tillage,Sorghum stover residue,NA,NA,NA,NA,NA,"Minimum tillage, Sorghum stover residue",,
Grace et al. 2013,10.1017/S001447971200124X,Sharma et al. 2005,Minimum tillage,Gliricidia loppings residue,NA,NA,NA,NA,NA,"Minimum tillage, Gliricidia loppings residue",,
Grace et al. 2013,10.1017/S001447971200124X,Sharma et al. 2005,Minimum tillage,No residue,NA,NA,NA,NA,NA,"Minimum tillage, No residue",,
Grace et al. 2013,10.1017/S001447971200124X,Sharma et al. 2005,Minimum tillage,0 kg N ha-1,NA,NA,NA,NA,NA,"Minimum tillage, 0 kg N ha-1",,
Grace et al. 2013,10.1017/S001447971200124X,Sharma et al. 2005,Minimum tillage,30 kg N ha-1,NA,NA,NA,NA,NA,"Minimum tillage, 30 kg N ha-1",,
Grace et al. 2013,10.1017/S001447971200124X,Sharma et al. 2005,Minimum tillage,60 kg N ha-1,NA,NA,NA,NA,NA,"Minimum tillage, 60 kg N ha-1",,
Grace et al. 2013,10.1017/S001447971200124X,Sharma et al. 2005,Minimum tillage,90 kg N ha-1,NA,NA,NA,NA,NA,"Minimum tillage, 90 kg N ha-1",,
Grace et al. 2013,10.1017/S001447971200124X,Sharma et al. 2005,No residue,NA,NA,NA,NA,NA,NA,No residue,,
Grace et al. 2013,10.1017/S001447971200124X,Sharma et al. 2005,Sorghum stover residue,NA,NA,NA,NA,NA,NA,Sorghum stover residue,,
Zhang et al. 2009,10.1017/S0021859608008265,Zhang et al. 2009,Gongzhuling site,NPK fertilizer,NA,NA,NA,NA,NA,NPK fertilizer,1,
Zhang et al. 2009,10.1017/S0021859608008265,Zhang et al. 2009,Qiyang site,NPK fertilizer,NA,NA,NA,NA,NA,NPK fertilizer,1,
Zhang et al. 2009,10.1017/S0021859608008265,Zhang et al. 2009,Xuzhou site,NPK fertilizer,NA,NA,NA,NA,NA,NPK fertilizer,1,
Zhang et al. 2009,10.1017/S0021859608008265,Zhang et al. 2009,Yangling site,NPK fertilizer,NA,NA,NA,NA,NA,NPK fertilizer,1,
Zhang et al. 2009,10.1017/S0021859608008265,Zhang et al. 2009,Zhengzhou site,NPK fertilizer,NA,NA,NA,NA,NA,NPK fertilizer,1,
Zhang et al. 2009,10.1017/S0021859608008265,Zhang et al. 2009,Gongzhuling site,NPK plus manure fertilizer,NA,NA,NA,NA,NA,NPK plus manure fertilizer,2,
Zhang et al. 2009,10.1017/S0021859608008265,Zhang et al. 2009,Qiyang site,NPK plus manure fertilizer,NA,NA,NA,NA,NA,NPK plus manure fertilizer,2,
Zhang et al. 2009,10.1017/S0021859608008265,Zhang et al. 2009,Xuzhou site,NPK plus manure fertilizer,NA,NA,NA,NA,NA,NPK plus manure fertilizer,2,
Zhang et al. 2009,10.1017/S0021859608008265,Zhang et al. 2009,Yangling site,NPK plus manure fertilizer,NA,NA,NA,NA,NA,NPK plus manure fertilizer,2,
Zhang et al. 2009,10.1017/S0021859608008265,Zhang et al. 2009,Zhengzhou site,NPK plus manure fertilizer,NA,NA,NA,NA,NA,NPK plus manure fertilizer,2,
Tan et al. 2015,10.1038/srep17592,Tan et al. 2015,Conventional tillage,NA,NA,NA,NA,NA,NA,Conventional tillage,1,1
Tan et al. 2015,10.1038/srep17592,Tan et al. 2015,No till,NA,NA,NA,NA,NA,NA,No till,2,
Tan et al. 2015,10.1038/srep17592,Tan et al. 2015,Straw mulching,NA,NA,NA,NA,NA,NA,Straw mulching,3,
Tan et al. 2015,10.1038/srep17592,Tan et al. 2015,Plastic mulching,NA,NA,NA,NA,NA,NA,Plastic mulching,4,
Tan et al. 2015,10.1038/srep17592,Tan et al. 2015,Ridging and plastic mulching,NA,NA,NA,NA,NA,NA,Ridging and plastic mulching,5,
Tan et al. 2015,10.1038/srep17592,Tan et al. 2015,Interplanting with alfalfa,NA,NA,NA,NA,NA,NA,Interplanting with alfalfa,6,
Karlen et al. 1989,10.1080/00103628909368158,Karlen et al. 1989,Conservation tillage,NA,NA,NA,NA,NA,NA,Conservation tillage,2,
Karlen et al. 1989,10.1080/00103628909368158,Karlen et al. 1989,Conventional tillage,NA,NA,NA,NA,NA,NA,Conventional tillage,1,1
Kumar et al. 2014,10.1080/00380768.2013.878643,Kumar et al. 2014,No till,NA,NA,NA,NA,NA,NA,No till,2,
Kumar et al. 2014,10.1080/00380768.2013.878643,Kumar et al. 2014,Chisel-till,NA,NA,NA,NA,NA,NA,Chisel-till,1,1
Kumar et al. 2014,10.1080/00380768.2013.878643,Kumar et al. 2014,Tile-drained,NA,NA,NA,NA,NA,NA,Tile-drained,3,
Kumar et al. 2014,10.1080/00380768.2013.878643,Kumar et al. 2014,Un-drained,NA,NA,NA,NA,NA,NA,Un-drained,4,
He et al. 2009,10.1111/j.1475-2743.2009.00210.x,He et al. 2009,No till with straw cover,NA,NA,NA,NA,NA,NA,No till with straw cover,4,
He et al. 2009,10.1111/j.1475-2743.2009.00210.x,He et al. 2009,Subsoiling with straw cover,NA,NA,NA,NA,NA,NA,Subsoiling with straw cover,3,
He et al. 2009,10.1111/j.1475-2743.2009.00210.x,He et al. 2009,Rototilling with straw cover,NA,NA,NA,NA,NA,NA,Rototilling with straw cover,2,
He et al. 2009,10.1111/j.1475-2743.2009.00210.x,He et al. 2009,Traditional plowing,NA,NA,NA,NA,NA,NA,Traditional plowing,1,1
Thierfelder and Wall 2012,10.1111/j.1475-2743.2012.00406.x,Thierfelder and Wall 2012,Chikato site,Conventional plowing,NA,NA,NA,NA,NA,Conventional plowing,1,1
Thierfelder and Wall 2012,10.1111/j.1475-2743.2012.00406.x,Thierfelder and Wall 2012,Chikato site,Ripline seeding,NA,NA,NA,NA,NA,Ripline seeding,2,
Thierfelder and Wall 2012,10.1111/j.1475-2743.2012.00406.x,Thierfelder and Wall 2012,Chikato site,Direct seeding,NA,NA,NA,NA,NA,Direct seeding,3,
Thierfelder and Wall 2012,10.1111/j.1475-2743.2012.00406.x,Thierfelder and Wall 2012,Henderson site,Conventional plowing,NA,NA,NA,NA,NA,Conventional plowing,4,1
Thierfelder and Wall 2012,10.1111/j.1475-2743.2012.00406.x,Thierfelder and Wall 2012,Henderson site,Ripline seeding,NA,NA,NA,NA,NA,Ripline seeding,5,
Thierfelder and Wall 2012,10.1111/j.1475-2743.2012.00406.x,Thierfelder and Wall 2012,Henderson site,Direct seeding,NA,NA,NA,NA,NA,Direct seeding,6,
Thierfelder and Wall 2012,10.1111/j.1475-2743.2012.00406.x,Thierfelder and Wall 2012,Hereford site,Conventional plowing,NA,NA,NA,NA,NA,Conventional plowing,7,1
Thierfelder and Wall 2012,10.1111/j.1475-2743.2012.00406.x,Thierfelder and Wall 2012,Hereford site,Ripline seeding,NA,NA,NA,NA,NA,Ripline seeding,8,
Thierfelder and Wall 2012,10.1111/j.1475-2743.2012.00406.x,Thierfelder and Wall 2012,Hereford site,Direct seeding,NA,NA,NA,NA,NA,Direct seeding,9,
Mazzoncini et al. 2008,10.2134/agronj2007.0173,Mazzoncini et al. 2008,Conventional tillage,NA,NA,NA,NA,NA,NA,Conventional tillage,,
Mazzoncini et al. 2008,10.2134/agronj2007.0173,Mazzoncini et al. 2008,No till,NA,NA,NA,NA,NA,NA,No till,,
Endale et al. 2008,10.2134/agronj2007.0401,Jangid et al. 2008,Conventional tillage,NA,NA,NA,NA,NA,NA,Conventional tillage,,
Endale et al. 2008,10.2134/agronj2007.0401,Jangid et al. 2008,No till,NA,NA,NA,NA,NA,NA,No till,,
Endale et al. 2008,10.2134/agronj2007.0401,Jangid et al. 2008,Conventional fertilizer,NA,NA,NA,NA,NA,NA,Conventional fertilizer,,
Endale et al. 2008,10.2134/agronj2007.0401,Jangid et al. 2008,Poultry litter,NA,NA,NA,NA,NA,NA,Poultry litter,,
Wang et al. 2008,10.2134/agronj2008.0012,Wang et al. 2008,Bare ground control,NA,NA,NA,NA,NA,NA,Bare ground control,1,1
Wang et al. 2008,10.2134/agronj2008.0012,Wang et al. 2008,Conventional management system,NA,NA,NA,NA,NA,NA,Conventional management system,2,
Wang et al. 2008,10.2134/agronj2008.0012,Wang et al. 2008,Cowpea incorporated,NA,NA,NA,NA,NA,NA,Cowpea incorporated,3,
Wang et al. 2008,10.2134/agronj2008.0012,Wang et al. 2008,Cowpea used as mulch,NA,NA,NA,NA,NA,NA,Cowpea used as mulch,4,
Wang et al. 2008,10.2134/agronj2008.0012,Wang et al. 2008,Integrated crop management system,NA,NA,NA,NA,NA,NA,Integrated crop management system,5,
Wang et al. 2008,10.2134/agronj2008.0012,Wang et al. 2008,Organic system,NA,NA,NA,NA,NA,NA,Organic system,6,
Wang et al. 2008,10.2134/agronj2008.0012,Wang et al. 2008,Sudangrass incorporated,NA,NA,NA,NA,NA,NA,Sudangrass incorporated,7,
Park et al. 2010,10.2134/agronj2009.0166,Booher et al. 2012,Anhydrous ammonia,NA,NA,NA,NA,NA,NA,Anhydrous ammonia,,
Park et al. 2010,10.2134/agronj2009.0166,Booher et al. 2012,Beef manure,NA,NA,NA,NA,NA,NA,Beef manure,,
Park et al. 2010,10.2134/agronj2009.0166,Booher et al. 2012,Swine lagoon effluent,NA,NA,NA,NA,NA,NA,Swine lagoon effluent,,
Park et al. 2010,10.2134/agronj2009.0166,Booher et al. 2012,0 kg N ha-1,NA,NA,NA,NA,NA,NA,0 kg N ha-1,,
Park et al. 2010,10.2134/agronj2009.0166,Booher et al. 2012,56 kg N ha-1,NA,NA,NA,NA,NA,NA,56 kg N ha-1,,
Park et al. 2010,10.2134/agronj2009.0166,Booher et al. 2012,168 kg N ha-1,NA,NA,NA,NA,NA,NA,168 kg N ha-1,,
Park et al. 2010,10.2134/agronj2009.0166,Booher et al. 2012,504 kg N ha-1,NA,NA,NA,NA,NA,NA,504 kg N ha-1,,
Park et al. 2010,10.2134/agronj2009.0166,Booher et al. 2012,Control interaction,NA,NA,NA,NA,NA,NA,Control interaction,1,1
Park et al. 2010,10.2134/agronj2009.0166,Booher et al. 2012,Anhydrous ammonia,56 kg N ha-1,NA,NA,NA,NA,NA,"Anhydrous ammonia, 56 kg N ha-1",,
Park et al. 2010,10.2134/agronj2009.0166,Booher et al. 2012,Beef manure,56 kg N ha-1,NA,NA,NA,NA,NA,"Beef manure, 56 kg N ha-1",,
Park et al. 2010,10.2134/agronj2009.0166,Booher et al. 2012,Swine lagoon effluent,56 kg N ha-1,NA,NA,NA,NA,NA,"Swine lagoon effluent, 56 kg N ha-1",,
Park et al. 2010,10.2134/agronj2009.0166,Booher et al. 2012,Anhydrous ammonia,168 kg N ha-1,NA,NA,NA,NA,NA,"Anhydrous ammonia, 168 kg N ha-1",6,
Park et al. 2010,10.2134/agronj2009.0166,Booher et al. 2012,Beef manure,168 kg N ha-1,NA,NA,NA,NA,NA,"Beef manure, 168 kg N ha-1",2,
Park et al. 2010,10.2134/agronj2009.0166,Booher et al. 2012,Swine lagoon effluent,168 kg N ha-1,NA,NA,NA,NA,NA,"Swine lagoon effluent, 168 kg N ha-1",4,
Park et al. 2010,10.2134/agronj2009.0166,Booher et al. 2012,Anhydrous ammonia,504 kg N ha-1,NA,NA,NA,NA,NA,"Anhydrous ammonia, 504 kg N ha-1",7,
Park et al. 2010,10.2134/agronj2009.0166,Booher et al. 2012,Beef manure,504 kg N ha-1,NA,NA,NA,NA,NA,"Beef manure, 504 kg N ha-1",3,
Park et al. 2010,10.2134/agronj2009.0166,Booher et al. 2012,Swine lagoon effluent,504 kg N ha-1,NA,NA,NA,NA,NA,"Swine lagoon effluent, 504 kg N ha-1",5,
Watts and Torbert 2011,10.2134/agronj2011.0073,Watts et al. 2010,Continuous Maize,No till,Poultry litter fertilizer,NA,NA,NA,NA,"Continuous Maize, No till, Poultry litter fertilizer",,
Watts and Torbert 2011,10.2134/agronj2011.0073,Watts et al. 2010,Continuous Maize,No till,Inorganic fertilizer,NA,NA,NA,NA,"Continuous Maize, No till, Inorganic fertilizer",,
Watts and Torbert 2011,10.2134/agronj2011.0073,Watts et al. 2010,Continuous Maize,Strip tillage,Poultry litter fertilizer,NA,NA,NA,NA,"Continuous Maize, Strip tillage, Poultry litter fertilizer",,
Watts and Torbert 2011,10.2134/agronj2011.0073,Watts et al. 2010,Continuous Maize,Strip tillage,Inorganic fertilizer,NA,NA,NA,NA,"Continuous Maize, Strip tillage, Inorganic fertilizer",,
Watts and Torbert 2011,10.2134/agronj2011.0073,Watts et al. 2010,Continuous Maize,Conventional tillage,Poultry litter fertilizer,NA,NA,NA,NA,"Continuous Maize, Conventional tillage, Poultry litter fertilizer",,
Watts and Torbert 2011,10.2134/agronj2011.0073,Watts et al. 2010,Continuous Maize,Conventional tillage,Inorganic fertilizer,NA,NA,NA,NA,"Continuous Maize, Conventional tillage, Inorganic fertilizer",,
Watts and Torbert 2011,10.2134/agronj2011.0073,Watts et al. 2010,Maize-soybean rotation,No till,Poultry litter fertilizer,NA,NA,NA,NA,"Maize-soybean rotation, No till, Poultry litter fertilizer",,
Watts and Torbert 2011,10.2134/agronj2011.0073,Watts et al. 2010,Maize-soybean rotation,No till,Inorganic fertilizer,NA,NA,NA,NA,"Maize-soybean rotation, No till, Inorganic fertilizer",,
Watts and Torbert 2011,10.2134/agronj2011.0073,Watts et al. 2010,Maize-soybean rotation,Strip tillage,Poultry litter fertilizer,NA,NA,NA,NA,"Maize-soybean rotation, Strip tillage, Poultry litter fertilizer",,
Watts and Torbert 2011,10.2134/agronj2011.0073,Watts et al. 2010,Maize-soybean rotation,Strip tillage,Inorganic fertilizer,NA,NA,NA,NA,"Maize-soybean rotation, Strip tillage, Inorganic fertilizer",,
Watts and Torbert 2011,10.2134/agronj2011.0073,Watts et al. 2010,Maize-soybean rotation,Conventional tillage,Poultry litter fertilizer,NA,NA,NA,NA,"Maize-soybean rotation, Conventional tillage, Poultry litter fertilizer",,
Watts and Torbert 2011,10.2134/agronj2011.0073,Watts et al. 2010,Maize-soybean rotation,Conventional tillage,Inorganic fertilizer,NA,NA,NA,NA,"Maize-soybean rotation, Conventional tillage, Inorganic fertilizer",,
Watts and Torbert 2011,10.2134/agronj2011.0073,Watts et al. 2010,Continuous soybean,No till,Poultry litter fertilizer,NA,NA,NA,NA,"Continuous soybean, No till, Poultry litter fertilizer",,
Watts and Torbert 2011,10.2134/agronj2011.0073,Watts et al. 2010,Continuous soybean,No till,Inorganic fertilizer,NA,NA,NA,NA,"Continuous soybean, No till, Inorganic fertilizer",,
Watts and Torbert 2011,10.2134/agronj2011.0073,Watts et al. 2010,Continuous soybean,Strip tillage,Poultry litter fertilizer,NA,NA,NA,NA,"Continuous soybean, Strip tillage, Poultry litter fertilizer",,
Watts and Torbert 2011,10.2134/agronj2011.0073,Watts et al. 2010,Continuous soybean,Strip tillage,Inorganic fertilizer,NA,NA,NA,NA,"Continuous soybean, Strip tillage, Inorganic fertilizer",,
Watts and Torbert 2011,10.2134/agronj2011.0073,Watts et al. 2010,Continuous soybean,Conventional tillage,Poultry litter fertilizer,NA,NA,NA,NA,"Continuous soybean, Conventional tillage, Poultry litter fertilizer",,
Watts and Torbert 2011,10.2134/agronj2011.0073,Watts et al. 2010,Continuous soybean,Conventional tillage,Inorganic fertilizer,NA,NA,NA,NA,"Continuous soybean, Conventional tillage, Inorganic fertilizer",,
Watts and Torbert 2011,10.2134/agronj2011.0073,Watts et al. 2010,Soybean-Maize rotation,No till,Poultry litter fertilizer,NA,NA,NA,NA,"Soybean-Maize rotation, No till, Poultry litter fertilizer",,
Watts and Torbert 2011,10.2134/agronj2011.0073,Watts et al. 2010,Soybean-Maize rotation,No till,Inorganic fertilizer,NA,NA,NA,NA,"Soybean-Maize rotation, No till, Inorganic fertilizer",,
Watts and Torbert 2011,10.2134/agronj2011.0073,Watts et al. 2010,Soybean-Maize rotation,Strip tillage,Poultry litter fertilizer,NA,NA,NA,NA,"Soybean-Maize rotation, Strip tillage, Poultry litter fertilizer",,
Watts and Torbert 2011,10.2134/agronj2011.0073,Watts et al. 2010,Soybean-Maize rotation,Strip tillage,Inorganic fertilizer,NA,NA,NA,NA,"Soybean-Maize rotation, Strip tillage, Inorganic fertilizer",,
Watts and Torbert 2011,10.2134/agronj2011.0073,Watts et al. 2010,Soybean-Maize rotation,Conventional tillage,Poultry litter fertilizer,NA,NA,NA,NA,"Soybean-Maize rotation, Conventional tillage, Poultry litter fertilizer",,
Watts and Torbert 2011,10.2134/agronj2011.0073,Watts et al. 2010,Soybean-Maize rotation,Conventional tillage,Inorganic fertilizer,NA,NA,NA,NA,"Soybean-Maize rotation, Conventional tillage, Inorganic fertilizer",,
Cook and Trlica 2016,10.2134/agronj2015.0397,Cook and Trlica 2016,NPK fertilizer,"Moldboard, Chisel, Alternate tillage",NA,NA,NA,NA,NA,"NPK fertilizer, Moldboard, Chisel, Alternate tillage",,
Cook and Trlica 2016,10.2134/agronj2015.0397,Cook and Trlica 2016,N-only fertilizer,"Moldboard, Chisel, Alternate tillage",NA,NA,NA,NA,NA,"N-only fertilizer, Moldboard, Chisel, Alternate tillage",,
Cook and Trlica 2016,10.2134/agronj2015.0397,Cook and Trlica 2016,N-only fertilizer,No till,NA,NA,NA,NA,NA,"N-only fertilizer, No till",,
Cook and Trlica 2016,10.2134/agronj2015.0397,Cook and Trlica 2016,No fertilizer,"Moldboard, Chisel, Alternate tillage",NA,NA,NA,NA,NA,"No fertilizer, Moldboard, Chisel, Alternate tillage",,
Cook and Trlica 2016,10.2134/agronj2015.0397,Cook and Trlica 2016,No PK fertilizer,"Moldboard, Chisel, Alternate tillage",NA,NA,NA,NA,NA,"No PK fertilizer, Moldboard, Chisel, Alternate tillage",,
Cook and Trlica 2016,10.2134/agronj2015.0397,Cook and Trlica 2016,No PK fertilizer,No till,NA,NA,NA,NA,NA,"No PK fertilizer, No till",,
Ghimire et al. 2017,10.2134/agronj2016.08.0462,Ghimire et al. 2017,Moldboard plow,NA,NA,NA,NA,NA,NA,Moldboard plow,1,1
Ghimire et al. 2017,10.2134/agronj2016.08.0462,Ghimire et al. 2017,Offset disk plow,NA,NA,NA,NA,NA,NA,Offset disk plow,2,
Ghimire et al. 2017,10.2134/agronj2016.08.0462,Ghimire et al. 2017,Subsurface sweep tillage,NA,NA,NA,NA,NA,NA,Subsurface sweep tillage,3,
Ghimire et al. 2017,10.2134/agronj2016.08.0462,Ghimire et al. 2017,0 kg N ha-1 crop-1,NA,NA,NA,NA,NA,NA,0 kg N ha-1 crop-1,,
Ghimire et al. 2017,10.2134/agronj2016.08.0462,Ghimire et al. 2017,45 kg N ha-1 crop-1,NA,NA,NA,NA,NA,NA,45 kg N ha-1 crop-1,,
Ghimire et al. 2017,10.2134/agronj2016.08.0462,Ghimire et al. 2017,90 kg N ha-1 crop-1,NA,NA,NA,NA,NA,NA,90 kg N ha-1 crop-1,,
Ghimire et al. 2017,10.2134/agronj2016.08.0462,Ghimire et al. 2017,135 kg N ha-1 crop-1,NA,NA,NA,NA,NA,NA,135 kg N ha-1 crop-1,,
Ghimire et al. 2017,10.2134/agronj2016.08.0462,Ghimire et al. 2017,180 kg N ha-1 crop-1,NA,NA,NA,NA,NA,NA,180 kg N ha-1 crop-1,,
Halpern et al. 2010,10.2136/sssaj2009.0406,Halpern et al. 2010,Reduced tillage,High residue input,NA,NA,NA,NA,NA,"Reduced tillage, High residue input",4,
Halpern et al. 2010,10.2136/sssaj2009.0406,Halpern et al. 2010,Reduced tillage,Low residue input,NA,NA,NA,NA,NA,"Reduced tillage, Low residue input",3,
Halpern et al. 2010,10.2136/sssaj2009.0406,Halpern et al. 2010,No till,High residue input,NA,NA,NA,NA,NA,"No till, High residue input",6,
Halpern et al. 2010,10.2136/sssaj2009.0406,Halpern et al. 2010,No till,Low residue input,NA,NA,NA,NA,NA,"No till, Low residue input",5,
Halpern et al. 2010,10.2136/sssaj2009.0406,Halpern et al. 2010,Conventional tillage,High residue input,NA,NA,NA,NA,NA,"Conventional tillage, High residue input",2,
Halpern et al. 2010,10.2136/sssaj2009.0406,Halpern et al. 2010,Conventional tillage,Low residue input,NA,NA,NA,NA,NA,"Conventional tillage, Low residue input",1,1
Sainju et al. 2011,10.2136/sssaj2010.0202,Sainju et al. 2010,Continuous spring wheat,NA,NA,NA,NA,NA,NA,Continuous spring wheat,1,1
Sainju et al. 2011,10.2136/sssaj2010.0202,Sainju et al. 2010,Spring wheat-fallow rotation,NA,NA,NA,NA,NA,NA,Spring wheat-fallow rotation,2,
Sainju et al. 2011,10.2136/sssaj2010.0202,Sainju et al. 2010,Winter wheat-fallow rotation,NA,NA,NA,NA,NA,NA,Winter wheat-fallow rotation,3,
Sainju et al. 2011,10.2136/sssaj2010.0202,Sainju et al. 2010,Chemical fallow management,NA,NA,NA,NA,NA,NA,Chemical fallow management,4,
Sainju et al. 2011,10.2136/sssaj2010.0202,Sainju et al. 2010,Mechanical fallow management,NA,NA,NA,NA,NA,NA,Mechanical fallow management,5,
Sainju et al. 2011,10.2136/sssaj2010.0202,Sainju et al. 2010,Grazing fallow management,NA,NA,NA,NA,NA,NA,Grazing fallow management,6,
Kumar et al. 2012,10.2136/sssaj2012.0055,Kumar et al. 2012,Plow tillage,NA,NA,NA,NA,NA,NA,Plow tillage,1,1
Kumar et al. 2012,10.2136/sssaj2012.0055,Kumar et al. 2012,Minimum tillage,NA,NA,NA,NA,NA,NA,Minimum tillage,2,
Kumar et al. 2012,10.2136/sssaj2012.0055,Kumar et al. 2012,No till,NA,NA,NA,NA,NA,NA,No till,3,
Kumar et al. 2012,10.2136/sssaj2012.0055,Kumar et al. 2012,Continuous Maize,NA,NA,NA,NA,NA,NA,Continuous Maize,4,
Kumar et al. 2012,10.2136/sssaj2012.0055,Kumar et al. 2012,Maize-soybean rotation,NA,NA,NA,NA,NA,NA,Maize-soybean rotation,5,
Schmer et al. 2014,10.2136/sssaj2014.04.0166,Schmer et al. 2014,Conventional tillage,No residue removal,NA,NA,NA,NA,NA,"Conventional tillage, No residue removal",2,
Schmer et al. 2014,10.2136/sssaj2014.04.0166,Schmer et al. 2014,Conventional tillage,Medium residue removal,NA,NA,NA,NA,NA,"Conventional tillage, Medium residue removal",3,
Schmer et al. 2014,10.2136/sssaj2014.04.0166,Schmer et al. 2014,Conventional tillage,High residue removal,NA,NA,NA,NA,NA,"Conventional tillage, High residue removal",1,1
Schmer et al. 2014,10.2136/sssaj2014.04.0166,Schmer et al. 2014,No till,No residue removal,NA,NA,NA,NA,NA,"No till, No residue removal",4,
Schmer et al. 2014,10.2136/sssaj2014.04.0166,Schmer et al. 2014,No till,Medium residue removal,NA,NA,NA,NA,NA,"No till, Medium residue removal",5,
Schmer et al. 2014,10.2136/sssaj2014.04.0166,Schmer et al. 2014,No till,High residue removal,NA,NA,NA,NA,NA,"No till, High residue removal",6,
Chen 2013,10.2478/eces-2013-0038,Wang et al. 2008,Conventional tillage,Straw cover,No compaction,NA,NA,NA,NA,"Conventional tillage, Straw cover, No compaction",8,
Chen 2013,10.2478/eces-2013-0038,Wang et al. 2008,No tillage,Straw cover,No compaction,NA,NA,NA,NA,"No tillage, Straw cover, No compaction",9,
Chen 2013,10.2478/eces-2013-0038,Wang et al. 2008,Shallow tillage,Straw cover,No compaction,NA,NA,NA,NA,"Shallow tillage, Straw cover, No compaction",,
R√∂sch et al. 2017,10.3390/land6010011,Eckmeier et al. 2007,Baden-Wurttemberg site,No burning,NA,NA,NA,NA,NA,No burning,,
R√∂sch et al. 2017,10.3390/land6010011,Eckmeier et al. 2007,Forchtenberg site,Burning,NA,NA,NA,NA,NA,Burning,,
R√∂sch et al. 2017,10.3390/land6010011,Eckmeier et al. 2007,Haplic Luvisol soil,Burning,Ash and charcoal not removed,NA,NA,NA,NA,"Haplic Luvisol soil, Burning, Ash and charcoal not removed",,
R√∂sch et al. 2017,10.3390/land6010011,Eckmeier et al. 2007,Haplic Luvisol soil,Burning,Ash and charcoal removed,NA,NA,NA,NA,"Haplic Luvisol soil, Burning, Ash and charcoal removed",,
R√∂sch et al. 2017,10.3390/land6010011,Eckmeier et al. 2007,Stagnic Luvisol soil,Burning,Ash and charcoal not removed,NA,NA,NA,NA,"Stagnic Luvisol soil, Burning, Ash and charcoal not removed",,
R√∂sch et al. 2017,10.3390/land6010011,Eckmeier et al. 2007,Stagnic Luvisol soil,Burning,Ash and charcoal removed,NA,NA,NA,NA,"Stagnic Luvisol soil, Burning, Ash and charcoal removed",,
R√∂sch et al. 2017,10.3390/land6010011,Eckmeier et al. 2007,Fire,Burning,Ash and charcoal removed,NA,NA,NA,NA,"Fire, Burning, Ash and charcoal removed",,
McConkey et al. 1996,10.4141/cjps96-127,Curtin et al. 2000,Conventional tillage,Continuous wheat rotaion,NA,NA,NA,NA,NA,"Conventional tillage, Continuous wheat rotaion",,
McConkey et al. 1996,10.4141/cjps96-127,Curtin et al. 2000,Conventional tillage,Fallow-wheat rotation,NA,NA,NA,NA,NA,"Conventional tillage, Fallow-wheat rotation",,
McConkey et al. 1996,10.4141/cjps96-127,Curtin et al. 2000,Conventional tillage,Continuous wheat rotation,NA,NA,NA,NA,NA,"Conventional tillage, Continuous wheat rotation",,
McConkey et al. 1996,10.4141/cjps96-127,Curtin et al. 2000,Minimum tillage,Fallow-wheat rotation,NA,NA,NA,NA,NA,"Minimum tillage, Fallow-wheat rotation",,
McConkey et al. 1996,10.4141/cjps96-127,Curtin et al. 2000,Minimum tillage,No till,NA,NA,NA,NA,NA,"Minimum tillage, No till",,
McConkey et al. 1996,10.4141/cjps96-127,Curtin et al. 2000,No till,Continuous wheat rotaion,NA,NA,NA,NA,NA,"No till, Continuous wheat rotaion",,
McConkey et al. 1996,10.4141/cjps96-127,Curtin et al. 2000,No till,Fallow-wheat rotation,NA,NA,NA,NA,NA,"No till, Fallow-wheat rotation",,
McConkey et al. 1996,10.4141/cjps96-127,Curtin et al. 2000,No till,Continuous wheat rotation,NA,NA,NA,NA,NA,"No till, Continuous wheat rotation",,
McConkey et al. 1996,10.4141/cjps96-127,Curtin et al. 2000,No till,No till,NA,NA,NA,NA,NA,"No till, No till",,